,0,1,2
0,17.0,127.0,1.0
1,528.0,449.0,0.0
2,9.0,81.0,1.0
3,43.0,11.0,1.0
4,518.0,393.0,0.0
5,524.0,144.0,0.0
6,295.0,1.0,1.0
7,592.0,325.0,0.0
8,58.0,26.0,1.0
9,337.0,0.0,1.0
10,656.0,224.0,1.0
11,0.0,69.0,1.0
12,300.0,86.0,0.0
13,287.0,4.0,1.0
14,0.0,63.0,1.0
15,107.0,174.0,1.0
16,99.0,143.0,1.0
17,5.0,12.0,1.0
18,23.0,68.0,1.0
19,9.0,149.0,1.0
20,840.0,413.0,0.0
21,12.0,13.0,1.0
22,69.0,70.0,1.0
23,13.0,185.0,1.0
24,416.0,41.0,0.0
25,133.0,0.0,1.0
26,145.0,47.0,0.0
27,430.0,3.0,1.0
28,819.0,39.0,0.0
29,886.0,101.0,0.0
30,685.0,8.0,0.0
31,53.0,43.0,0.0
32,650.0,97.0,1.0
33,6.0,78.0,1.0
34,816.0,214.0,0.0
35,63.0,46.0,1.0
36,546.0,146.0,0.0
37,862.0,174.0,1.0
38,111.0,203.0,1.0
39,12.0,127.0,1.0
40,353.0,2.0,1.0
41,135.0,370.0,0.0
42,818.0,257.0,0.0
43,883.0,15.0,1.0
44,7.0,174.0,0.0
45,154.0,53.0,0.0
46,8.0,143.0,1.0
47,6.0,3.0,1.0
48,448.0,0.0,1.0
49,51.0,431.0,0.0
50,349.0,293.0,0.0
51,400.0,3.0,1.0
52,1.0,46.0,1.0
53,343.0,151.0,0.0
54,200.0,428.0,0.0
55,799.0,66.0,0.0
56,122.0,207.0,0.0
57,8.0,367.0,1.0
58,268.0,35.0,1.0
59,113.0,230.0,0.0
60,674.0,211.0,0.0
61,100.0,151.0,0.0
62,290.0,9.0,1.0
63,635.0,401.0,0.0
64,12.0,12.0,1.0
65,282.0,111.0,0.0
66,13.0,66.0,1.0
67,464.0,10.0,0.0
68,635.0,47.0,0.0
69,40.0,151.0,0.0
70,28.0,22.0,1.0
71,27.0,226.0,1.0
72,736.0,438.0,0.0
73,90.0,1.0,1.0
74,611.0,312.0,0.0
75,9.0,172.0,1.0
76,280.0,39.0,1.0
77,211.0,121.0,0.0
78,21.0,318.0,0.0
79,457.0,285.0,0.0
80,75.0,301.0,1.0
81,41.0,122.0,0.0
82,58.0,166.0,1.0
83,110.0,13.0,1.0
84,67.0,179.0,1.0
85,284.0,18.0,1.0
86,100.0,287.0,1.0
87,717.0,382.0,1.0
88,34.0,145.0,1.0
89,329.0,1.0,1.0
90,29.0,116.0,1.0
91,87.0,162.0,1.0
92,5.0,43.0,1.0
93,0.0,70.0,1.0
94,123.0,50.0,1.0
95,103.0,337.0,0.0
96,739.0,60.0,1.0
97,59.0,247.0,1.0
98,4.0,125.0,1.0
99,39.0,434.0,1.0
100,277.0,34.0,1.0
101,855.0,223.0,0.0
102,91.0,94.0,0.0
103,646.0,135.0,1.0
104,874.0,223.0,0.0
105,33.0,4.0,1.0
106,129.0,360.0,0.0
107,157.0,220.0,0.0
108,39.0,368.0,1.0
109,448.0,358.0,0.0
110,652.0,11.0,0.0
111,27.0,288.0,1.0
112,233.0,272.0,0.0
113,395.0,6.0,1.0
114,156.0,204.0,0.0
115,376.0,145.0,0.0
116,3.0,89.0,1.0
117,228.0,64.0,0.0
118,431.0,97.0,0.0
119,186.0,2.0,1.0
120,305.0,320.0,0.0
121,160.0,48.0,1.0
122,51.0,121.0,1.0
123,268.0,7.0,1.0
124,54.0,5.0,1.0
125,755.0,155.0,1.0
126,817.0,7.0,1.0
127,12.0,58.0,1.0
128,95.0,32.0,0.0
129,593.0,270.0,1.0
130,476.0,385.0,0.0
131,67.0,387.0,1.0
132,1.0,246.0,1.0
133,83.0,329.0,1.0
134,557.0,88.0,0.0
135,2.0,10.0,1.0
136,145.0,448.0,1.0
137,221.0,398.0,0.0
138,30.0,20.0,1.0
139,3.0,3.0,1.0
140,181.0,39.0,0.0
141,23.0,180.0,1.0
142,11.0,17.0,1.0
143,130.0,452.0,1.0
144,274.0,15.0,1.0
145,36.0,14.0,0.0
146,131.0,380.0,0.0
147,273.0,0.0,1.0
148,2.0,46.0,1.0
149,840.0,68.0,0.0
150,0.0,113.0,1.0
151,95.0,249.0,1.0
152,338.0,44.0,1.0
153,709.0,326.0,0.0
154,747.0,102.0,1.0
155,735.0,100.0,1.0
156,196.0,272.0,0.0
157,615.0,278.0,0.0
158,854.0,315.0,0.0
159,314.0,255.0,0.0
160,376.0,7.0,1.0
161,77.0,64.0,0.0
162,193.0,264.0,0.0
163,155.0,165.0,1.0
164,62.0,258.0,0.0
165,487.0,384.0,0.0
166,720.0,48.0,0.0
167,467.0,193.0,0.0
168,355.0,287.0,0.0
169,437.0,318.0,0.0
170,662.0,79.0,0.0
171,336.0,417.0,0.0
172,3.0,61.0,1.0
173,626.0,230.0,0.0
174,210.0,205.0,0.0
175,656.0,212.0,0.0
176,871.0,7.0,1.0
177,707.0,235.0,0.0
178,477.0,127.0,0.0
179,232.0,150.0,0.0
180,41.0,132.0,1.0
181,57.0,15.0,1.0
182,124.0,45.0,1.0
183,103.0,71.0,1.0
184,25.0,11.0,1.0
185,852.0,189.0,0.0
186,354.0,261.0,0.0
187,229.0,234.0,0.0
188,10.0,88.0,1.0
189,786.0,68.0,0.0
190,543.0,303.0,0.0
191,544.0,362.0,0.0
192,530.0,84.0,0.0
193,279.0,3.0,1.0
194,333.0,50.0,1.0
195,666.0,50.0,0.0
196,2.0,142.0,1.0
197,429.0,394.0,0.0
198,139.0,144.0,0.0
199,695.0,450.0,0.0
200,596.0,201.0,0.0
201,171.0,16.0,1.0
202,636.0,280.0,0.0
203,613.0,248.0,0.0
204,59.0,12.0,1.0
205,659.0,107.0,1.0
206,520.0,2.0,1.0
207,68.0,131.0,1.0
208,481.0,190.0,1.0
209,309.0,2.0,1.0
210,177.0,413.0,0.0
211,688.0,406.0,0.0
212,274.0,340.0,0.0
213,90.0,375.0,0.0
214,403.0,2.0,1.0
215,740.0,81.0,1.0
216,796.0,209.0,0.0
217,308.0,21.0,1.0
218,178.0,28.0,0.0
219,112.0,73.0,1.0
220,711.0,425.0,0.0
221,3.0,46.0,1.0
222,4.0,75.0,1.0
223,554.0,326.0,0.0
224,663.0,141.0,1.0
225,26.0,10.0,1.0
226,869.0,224.0,0.0
227,45.0,167.0,0.0
228,603.0,117.0,1.0
229,529.0,26.0,0.0
230,151.0,230.0,1.0
231,5.0,126.0,1.0
232,425.0,40.0,1.0
233,117.0,333.0,1.0
234,288.0,48.0,1.0
235,324.0,320.0,0.0
236,447.0,50.0,1.0
237,743.0,1.0,1.0
238,9.0,23.0,1.0
239,651.0,63.0,0.0
240,10.0,95.0,1.0
241,610.0,188.0,0.0
242,647.0,273.0,0.0
243,667.0,27.0,0.0
244,479.0,73.0,1.0
245,881.0,311.0,1.0
246,287.0,312.0,0.0
247,312.0,78.0,1.0
248,516.0,177.0,0.0
249,887.0,132.0,0.0
250,833.0,442.0,0.0
251,220.0,294.0,0.0
252,226.0,31.0,0.0
253,95.0,46.0,0.0
254,122.0,17.0,1.0
255,711.0,124.0,1.0
256,47.0,180.0,1.0
257,199.0,15.0,1.0
258,1.0,324.0,0.0
259,193.0,67.0,1.0
260,883.0,197.0,0.0
261,861.0,91.0,0.0
262,410.0,199.0,1.0
263,850.0,373.0,0.0
264,3.0,64.0,1.0
265,737.0,32.0,0.0
266,91.0,79.0,0.0
267,791.0,247.0,0.0
268,25.0,1.0,0.0
269,246.0,1.0,1.0
270,89.0,1.0,1.0
271,371.0,386.0,0.0
272,396.0,327.0,0.0
273,44.0,167.0,0.0
274,75.0,221.0,1.0
275,856.0,14.0,1.0
276,293.0,8.0,1.0
277,54.0,57.0,1.0
278,384.0,66.0,1.0
279,785.0,289.0,0.0
280,483.0,1.0,1.0
281,772.0,1.0,1.0
282,230.0,36.0,0.0
283,109.0,251.0,0.0
284,376.0,382.0,0.0
285,576.0,245.0,0.0
286,160.0,141.0,0.0
287,34.0,321.0,0.0
288,40.0,419.0,0.0
289,45.0,12.0,1.0
290,36.0,27.0,1.0
291,318.0,24.0,0.0
292,205.0,256.0,1.0
293,174.0,421.0,0.0
294,33.0,128.0,1.0
295,381.0,2.0,1.0
296,880.0,48.0,0.0
297,489.0,30.0,1.0
298,216.0,2.0,1.0
299,91.0,172.0,1.0
300,497.0,438.0,0.0
301,500.0,308.0,0.0
302,173.0,18.0,1.0
303,78.0,277.0,0.0
304,407.0,398.0,0.0
305,139.0,282.0,0.0
306,5.0,124.0,0.0
307,148.0,30.0,1.0
308,747.0,234.0,0.0
309,115.0,150.0,1.0
310,281.0,91.0,0.0
311,755.0,301.0,0.0
312,510.0,120.0,0.0
313,856.0,247.0,0.0
314,106.0,312.0,1.0
315,699.0,53.0,0.0
316,578.0,136.0,0.0
317,864.0,59.0,0.0
318,54.0,34.0,1.0
319,32.0,40.0,1.0
320,253.0,24.0,0.0
321,24.0,292.0,1.0
322,385.0,319.0,0.0
323,191.0,258.0,0.0
324,481.0,370.0,0.0
325,685.0,414.0,0.0
326,831.0,36.0,1.0
327,860.0,421.0,0.0
328,67.0,224.0,1.0
329,357.0,201.0,0.0
330,235.0,390.0,0.0
331,863.0,187.0,0.0
332,195.0,11.0,1.0
333,10.0,305.0,0.0
334,280.0,53.0,1.0
335,191.0,315.0,1.0
336,202.0,9.0,1.0
337,166.0,21.0,1.0
338,843.0,126.0,0.0
339,753.0,205.0,0.0
340,156.0,22.0,1.0
341,299.0,9.0,1.0
342,8.0,301.0,1.0
343,110.0,10.0,1.0
344,17.0,10.0,1.0
345,174.0,56.0,0.0
346,784.0,167.0,0.0
347,540.0,51.0,1.0
348,884.0,252.0,0.0
349,50.0,261.0,1.0
350,515.0,47.0,0.0
351,639.0,11.0,0.0
352,14.0,108.0,1.0
353,3.0,25.0,1.0
354,327.0,258.0,0.0
355,157.0,349.0,0.0
356,479.0,7.0,1.0
357,821.0,171.0,0.0
358,869.0,136.0,0.0
359,653.0,246.0,0.0
360,375.0,23.0,1.0
361,165.0,0.0,1.0
362,774.0,97.0,1.0
363,756.0,7.0,1.0
364,31.0,273.0,1.0
365,15.0,32.0,1.0
366,392.0,113.0,0.0
367,443.0,74.0,0.0
368,817.0,153.0,0.0
369,354.0,35.0,1.0
370,251.0,230.0,1.0
371,840.0,173.0,0.0
372,412.0,281.0,0.0
373,428.0,260.0,0.0
374,142.0,389.0,0.0
375,761.0,369.0,0.0
376,1.0,19.0,1.0
377,449.0,31.0,0.0
378,837.0,234.0,0.0
379,696.0,187.0,0.0
380,108.0,3.0,1.0
381,306.0,29.0,1.0
382,6.0,170.0,1.0
383,641.0,74.0,0.0
384,350.0,371.0,0.0
385,595.0,365.0,0.0
386,279.0,159.0,1.0
387,494.0,101.0,0.0
388,589.0,44.0,1.0
389,331.0,69.0,0.0
390,512.0,235.0,0.0
391,10.0,172.0,1.0
392,213.0,7.0,1.0
393,185.0,23.0,1.0
394,188.0,3.0,1.0
395,835.0,149.0,0.0
396,301.0,187.0,0.0
397,586.0,267.0,0.0
398,867.0,271.0,0.0
399,472.0,83.0,0.0
400,603.0,340.0,0.0
401,602.0,142.0,0.0
402,26.0,231.0,1.0
403,617.0,340.0,0.0
404,533.0,74.0,1.0
405,139.0,16.0,1.0
406,335.0,1.0,1.0
407,3.0,119.0,1.0
408,70.0,18.0,1.0
409,615.0,14.0,1.0
410,516.0,326.0,0.0
411,93.0,41.0,1.0
412,87.0,163.0,1.0
413,868.0,208.0,0.0
414,839.0,183.0,0.0
415,32.0,234.0,1.0
416,600.0,391.0,0.0
417,50.0,18.0,1.0
418,819.0,203.0,1.0
419,335.0,0.0,1.0
420,774.0,389.0,0.0
421,16.0,269.0,1.0
422,532.0,442.0,0.0
423,415.0,257.0,1.0
424,19.0,68.0,1.0
425,523.0,115.0,0.0
426,9.0,285.0,0.0
427,420.0,95.0,0.0
428,3.0,63.0,1.0
429,417.0,63.0,1.0
430,1.0,76.0,1.0
431,99.0,140.0,0.0
432,697.0,78.0,0.0
433,219.0,1.0,1.0
434,361.0,374.0,0.0
435,311.0,9.0,0.0
436,499.0,103.0,0.0
437,20.0,353.0,1.0
438,126.0,443.0,0.0
439,55.0,182.0,1.0
440,7.0,142.0,1.0
441,17.0,13.0,1.0
442,502.0,445.0,1.0
443,16.0,188.0,1.0
444,220.0,173.0,0.0
445,741.0,27.0,1.0
446,47.0,149.0,1.0
447,98.0,100.0,1.0
448,568.0,416.0,0.0
449,5.0,48.0,1.0
450,137.0,130.0,1.0
451,16.0,228.0,1.0
452,2.0,170.0,1.0
453,600.0,98.0,1.0
454,189.0,0.0,1.0
455,222.0,157.0,0.0
456,836.0,47.0,1.0
457,17.0,75.0,0.0
458,868.0,233.0,0.0
459,6.0,248.0,1.0
460,692.0,239.0,0.0
461,6.0,50.0,1.0
462,372.0,137.0,0.0
463,262.0,422.0,0.0
464,394.0,322.0,0.0
465,420.0,11.0,1.0
466,614.0,86.0,0.0
467,232.0,221.0,0.0
468,164.0,52.0,1.0
469,6.0,32.0,1.0
470,1.0,285.0,1.0
471,170.0,16.0,1.0
472,625.0,41.0,1.0
473,628.0,290.0,1.0
474,4.0,96.0,1.0
475,34.0,119.0,0.0
476,518.0,168.0,1.0
477,31.0,234.0,1.0
478,30.0,59.0,1.0
479,3.0,134.0,1.0
480,104.0,108.0,1.0
481,301.0,183.0,1.0
482,863.0,435.0,0.0
483,235.0,47.0,0.0
484,306.0,227.0,0.0
485,589.0,441.0,0.0
486,527.0,393.0,0.0
487,292.0,74.0,0.0
488,9.0,13.0,1.0
489,35.0,163.0,1.0
490,1.0,170.0,1.0
491,322.0,163.0,0.0
492,14.0,5.0,1.0
493,10.0,276.0,1.0
494,5.0,110.0,1.0
495,344.0,30.0,1.0
496,428.0,415.0,0.0
497,22.0,49.0,1.0
498,114.0,97.0,0.0
499,549.0,275.0,0.0
500,485.0,55.0,1.0
501,301.0,289.0,0.0
502,201.0,191.0,0.0
503,650.0,181.0,0.0
504,359.0,443.0,0.0
505,14.0,49.0,1.0
506,210.0,62.0,1.0
507,265.0,317.0,0.0
508,220.0,33.0,1.0
509,184.0,305.0,1.0
510,435.0,25.0,1.0
511,716.0,39.0,0.0
512,32.0,318.0,1.0
513,158.0,123.0,1.0
514,62.0,325.0,0.0
515,136.0,12.0,1.0
516,893.0,36.0,1.0
517,630.0,308.0,0.0
518,767.0,187.0,1.0
519,146.0,216.0,0.0
520,582.0,55.0,0.0
521,324.0,37.0,0.0
522,705.0,379.0,0.0
523,35.0,354.0,0.0
524,26.0,39.0,1.0
525,2.0,119.0,1.0
526,7.0,2.0,1.0
527,890.0,321.0,0.0
528,80.0,211.0,0.0
529,88.0,118.0,1.0
530,7.0,133.0,1.0
531,53.0,225.0,1.0
532,507.0,0.0,1.0
533,749.0,322.0,0.0
534,884.0,143.0,0.0
535,463.0,312.0,0.0
536,247.0,5.0,1.0
537,703.0,85.0,1.0
538,425.0,26.0,0.0
539,500.0,282.0,1.0
540,265.0,99.0,1.0
541,18.0,49.0,1.0
542,275.0,81.0,0.0
543,4.0,89.0,1.0
544,175.0,15.0,0.0
545,44.0,317.0,1.0
546,46.0,392.0,1.0
547,454.0,285.0,0.0
548,700.0,447.0,0.0
549,88.0,67.0,1.0
550,238.0,119.0,0.0
551,37.0,244.0,1.0
552,893.0,72.0,0.0
553,471.0,3.0,1.0
554,534.0,164.0,0.0
555,482.0,166.0,0.0
556,195.0,254.0,0.0
557,645.0,341.0,1.0
558,607.0,16.0,1.0
559,82.0,222.0,0.0
560,222.0,224.0,0.0
561,497.0,63.0,0.0
562,643.0,258.0,0.0
563,370.0,10.0,0.0
564,191.0,129.0,0.0
565,0.0,91.0,1.0
566,462.0,63.0,0.0
567,370.0,63.0,0.0
568,64.0,1.0,1.0
569,543.0,74.0,1.0
570,461.0,19.0,0.0
571,554.0,335.0,0.0
572,25.0,51.0,1.0
573,331.0,292.0,0.0
574,246.0,122.0,0.0
575,185.0,11.0,1.0
576,151.0,227.0,1.0
577,20.0,108.0,1.0
578,584.0,377.0,0.0
579,3.0,12.0,1.0
580,0.0,39.0,1.0
581,671.0,44.0,1.0
582,531.0,435.0,0.0
583,554.0,0.0,0.0
584,21.0,194.0,1.0
585,16.0,302.0,1.0
586,47.0,270.0,0.0
587,173.0,162.0,0.0
588,31.0,218.0,1.0
589,10.0,68.0,1.0
590,41.0,157.0,1.0
591,537.0,80.0,0.0
592,152.0,419.0,0.0
593,144.0,298.0,0.0
594,267.0,237.0,0.0
595,28.0,144.0,0.0
596,91.0,149.0,1.0
597,32.0,82.0,0.0
598,131.0,353.0,0.0
599,57.0,212.0,1.0
600,305.0,2.0,1.0
601,12.0,385.0,0.0
602,129.0,249.0,0.0
603,718.0,304.0,0.0
604,7.0,114.0,1.0
605,799.0,5.0,1.0
606,19.0,39.0,1.0
607,649.0,247.0,0.0
608,339.0,6.0,1.0
609,472.0,313.0,0.0
610,862.0,352.0,0.0
611,21.0,214.0,1.0
612,167.0,163.0,0.0
613,6.0,446.0,1.0
614,637.0,113.0,0.0
615,6.0,206.0,1.0
616,343.0,430.0,0.0
617,180.0,1.0,1.0
618,354.0,82.0,1.0
619,123.0,289.0,0.0
620,647.0,382.0,0.0
621,731.0,13.0,1.0
622,605.0,424.0,0.0
623,634.0,90.0,1.0
624,787.0,374.0,0.0
625,544.0,45.0,0.0
626,799.0,143.0,0.0
627,570.0,47.0,1.0
628,263.0,71.0,0.0
629,682.0,295.0,0.0
630,175.0,2.0,1.0
631,183.0,100.0,1.0
632,20.0,172.0,1.0
633,178.0,122.0,0.0
634,6.0,2.0,1.0
635,276.0,278.0,1.0
636,210.0,278.0,0.0
637,274.0,450.0,0.0
638,223.0,15.0,1.0
639,394.0,99.0,0.0
640,306.0,103.0,0.0
641,503.0,152.0,0.0
642,813.0,85.0,0.0
643,205.0,354.0,1.0
644,678.0,266.0,1.0
645,263.0,201.0,0.0
646,414.0,241.0,0.0
647,28.0,8.0,1.0
648,475.0,290.0,0.0
649,0.0,61.0,1.0
650,448.0,70.0,0.0
651,60.0,227.0,0.0
652,140.0,126.0,1.0
653,520.0,78.0,1.0
654,764.0,7.0,1.0
655,482.0,309.0,1.0
656,66.0,64.0,0.0
657,412.0,0.0,1.0
658,172.0,238.0,0.0
659,198.0,79.0,1.0
660,29.0,0.0,1.0
661,83.0,395.0,1.0
662,457.0,23.0,1.0
663,284.0,238.0,0.0
664,863.0,157.0,0.0
665,405.0,78.0,0.0
666,310.0,262.0,1.0
667,854.0,206.0,0.0
668,827.0,173.0,0.0
669,69.0,11.0,1.0
670,285.0,249.0,0.0
671,24.0,217.0,1.0
672,436.0,339.0,0.0
673,426.0,295.0,1.0
674,21.0,15.0,1.0
675,681.0,188.0,0.0
676,241.0,3.0,1.0
677,400.0,394.0,0.0
678,131.0,153.0,1.0
679,837.0,83.0,0.0
680,7.0,59.0,1.0
681,278.0,312.0,0.0
682,5.0,113.0,1.0
683,65.0,91.0,0.0
684,783.0,339.0,0.0
685,39.0,158.0,0.0
686,471.0,366.0,0.0
687,531.0,352.0,0.0
688,664.0,214.0,0.0
689,813.0,277.0,0.0
690,284.0,8.0,0.0
691,180.0,98.0,0.0
692,39.0,371.0,0.0
693,21.0,439.0,1.0
694,271.0,2.0,1.0
695,0.0,111.0,1.0
696,811.0,5.0,1.0
697,7.0,170.0,1.0
698,431.0,11.0,1.0
699,146.0,1.0,1.0
700,478.0,1.0,1.0
701,411.0,0.0,0.0
702,256.0,195.0,1.0
703,492.0,34.0,1.0
704,50.0,5.0,0.0
705,45.0,59.0,1.0
706,403.0,135.0,0.0
707,658.0,74.0,1.0
708,201.0,152.0,1.0
709,340.0,339.0,0.0
710,835.0,288.0,0.0
711,331.0,237.0,0.0
712,107.0,10.0,0.0
713,2.0,64.0,1.0
714,818.0,431.0,1.0
715,729.0,170.0,0.0
716,442.0,193.0,0.0
717,715.0,165.0,0.0
718,682.0,229.0,0.0
719,523.0,101.0,0.0
720,809.0,195.0,0.0
721,519.0,276.0,0.0
722,886.0,439.0,0.0
723,4.0,2.0,1.0
724,621.0,428.0,0.0
725,130.0,149.0,0.0
726,480.0,99.0,1.0
727,870.0,429.0,1.0
728,544.0,401.0,0.0
729,115.0,57.0,1.0
730,7.0,10.0,1.0
731,110.0,353.0,0.0
732,837.0,365.0,0.0
733,283.0,43.0,1.0
734,774.0,111.0,0.0
735,17.0,386.0,0.0
736,454.0,69.0,0.0
737,516.0,193.0,0.0
738,875.0,88.0,0.0
739,649.0,328.0,0.0
740,598.0,418.0,0.0
741,682.0,388.0,0.0
742,657.0,74.0,1.0
743,225.0,403.0,0.0
744,378.0,124.0,0.0
745,242.0,421.0,0.0
746,359.0,233.0,0.0
747,664.0,314.0,0.0
748,143.0,286.0,0.0
749,495.0,76.0,1.0
750,688.0,70.0,0.0
751,721.0,242.0,0.0
752,385.0,0.0,1.0
753,716.0,412.0,0.0
754,60.0,13.0,1.0
755,297.0,144.0,0.0
756,285.0,446.0,0.0
757,35.0,162.0,1.0
758,239.0,2.0,1.0
759,84.0,33.0,0.0
760,247.0,70.0,0.0
761,22.0,58.0,1.0
762,95.0,161.0,1.0
763,487.0,45.0,1.0
764,583.0,12.0,0.0
765,74.0,22.0,1.0
766,90.0,0.0,1.0
767,62.0,448.0,0.0
768,690.0,77.0,0.0
769,404.0,179.0,0.0
770,24.0,69.0,1.0
771,45.0,42.0,1.0
772,109.0,58.0,1.0
773,17.0,72.0,1.0
774,560.0,14.0,1.0
775,163.0,415.0,0.0
776,59.0,420.0,0.0
777,13.0,372.0,1.0
778,181.0,316.0,0.0
779,591.0,419.0,0.0
780,6.0,87.0,1.0
781,141.0,163.0,0.0
782,255.0,303.0,1.0
783,528.0,345.0,0.0
784,325.0,257.0,1.0
785,89.0,267.0,1.0
786,451.0,382.0,0.0
787,22.0,139.0,1.0
788,123.0,30.0,1.0
789,494.0,418.0,1.0
790,31.0,60.0,1.0
791,376.0,222.0,0.0
792,100.0,105.0,1.0
793,191.0,217.0,1.0
794,5.0,160.0,1.0
795,486.0,62.0,1.0
796,608.0,43.0,0.0
797,440.0,159.0,0.0
798,85.0,274.0,1.0
799,12.0,10.0,1.0
800,4.0,3.0,1.0
801,72.0,379.0,1.0
802,14.0,344.0,0.0
803,97.0,156.0,0.0
804,3.0,43.0,1.0
805,457.0,5.0,1.0
806,568.0,35.0,1.0
807,20.0,49.0,1.0
808,136.0,8.0,1.0
809,647.0,55.0,1.0
810,812.0,181.0,0.0
811,1.0,326.0,0.0
812,293.0,443.0,0.0
813,105.0,86.0,1.0
814,728.0,262.0,0.0
815,160.0,1.0,1.0
816,123.0,152.0,0.0
817,9.0,158.0,1.0
818,4.0,11.0,1.0
819,88.0,323.0,0.0
820,252.0,54.0,1.0
821,432.0,0.0,1.0
822,268.0,82.0,1.0
823,812.0,0.0,1.0
824,378.0,192.0,0.0
825,9.0,220.0,1.0
826,513.0,37.0,1.0
827,48.0,208.0,1.0
828,530.0,261.0,0.0
829,46.0,331.0,0.0
830,0.0,24.0,1.0
831,569.0,289.0,0.0
832,830.0,33.0,1.0
833,172.0,66.0,0.0
834,107.0,161.0,1.0
835,69.0,64.0,1.0
836,83.0,349.0,1.0
837,108.0,6.0,1.0
838,758.0,326.0,0.0
839,3.0,113.0,1.0
840,780.0,106.0,1.0
841,28.0,7.0,1.0
842,642.0,98.0,0.0
843,316.0,15.0,1.0
844,71.0,2.0,1.0
845,56.0,161.0,1.0
846,280.0,409.0,0.0
847,257.0,386.0,0.0
848,210.0,244.0,1.0
849,210.0,402.0,0.0
850,0.0,133.0,1.0
851,6.0,160.0,1.0
852,573.0,61.0,0.0
853,4.0,114.0,1.0
854,76.0,129.0,1.0
855,158.0,1.0,1.0
856,19.0,120.0,1.0
857,152.0,19.0,0.0
858,633.0,269.0,0.0
859,148.0,107.0,0.0
860,295.0,31.0,1.0
861,140.0,225.0,0.0
862,1.0,59.0,1.0
863,13.0,24.0,1.0
864,249.0,3.0,1.0
865,175.0,31.0,0.0
866,852.0,3.0,1.0
867,215.0,2.0,0.0
868,73.0,6.0,1.0
869,686.0,406.0,0.0
870,443.0,31.0,1.0
871,551.0,70.0,0.0
872,711.0,405.0,0.0
873,328.0,180.0,0.0
874,42.0,306.0,0.0
875,387.0,2.0,1.0
876,620.0,420.0,0.0
877,127.0,0.0,1.0
878,266.0,14.0,0.0
879,16.0,194.0,1.0
880,103.0,79.0,1.0
881,452.0,0.0,1.0
882,206.0,175.0,1.0
883,451.0,341.0,0.0
884,11.0,51.0,0.0
885,20.0,72.0,1.0
886,788.0,164.0,0.0
887,214.0,187.0,1.0
888,217.0,93.0,1.0
889,686.0,225.0,0.0
890,14.0,58.0,1.0
891,289.0,94.0,0.0
892,523.0,141.0,0.0
893,169.0,85.0,0.0
894,20.0,95.0,1.0
895,558.0,111.0,0.0
896,535.0,210.0,0.0
897,582.0,103.0,1.0
898,13.0,119.0,1.0
899,674.0,52.0,0.0
900,705.0,116.0,1.0
901,812.0,374.0,0.0
902,741.0,87.0,0.0
903,879.0,316.0,0.0
904,283.0,126.0,1.0
905,78.0,84.0,1.0
906,10.0,149.0,1.0
907,455.0,104.0,1.0
908,352.0,201.0,1.0
909,812.0,362.0,0.0
910,609.0,191.0,1.0
911,344.0,97.0,1.0
912,170.0,173.0,1.0
913,189.0,331.0,0.0
914,435.0,337.0,1.0
915,48.0,65.0,1.0
916,676.0,44.0,1.0
917,121.0,115.0,1.0
918,236.0,0.0,1.0
919,465.0,307.0,0.0
920,536.0,388.0,0.0
921,876.0,12.0,1.0
922,561.0,19.0,1.0
923,793.0,174.0,0.0
924,276.0,362.0,1.0
925,20.0,127.0,1.0
926,655.0,101.0,0.0
927,239.0,3.0,1.0
928,7.0,26.0,0.0
929,2.0,113.0,1.0
930,870.0,230.0,0.0
931,5.0,144.0,1.0
932,235.0,382.0,0.0
933,228.0,28.0,1.0
934,108.0,9.0,1.0
935,408.0,62.0,0.0
936,50.0,264.0,0.0
937,859.0,90.0,1.0
938,134.0,111.0,0.0
939,803.0,140.0,1.0
940,548.0,450.0,0.0
941,562.0,217.0,0.0
942,802.0,146.0,1.0
943,483.0,333.0,0.0
944,11.0,16.0,1.0
945,197.0,213.0,0.0
946,109.0,49.0,1.0
947,293.0,22.0,1.0
948,33.0,72.0,1.0
949,254.0,121.0,0.0
950,182.0,93.0,1.0
951,29.0,102.0,1.0
952,576.0,161.0,0.0
953,529.0,290.0,0.0
954,132.0,9.0,0.0
955,378.0,42.0,0.0
956,599.0,161.0,0.0
957,406.0,283.0,0.0
958,672.0,159.0,0.0
959,271.0,350.0,0.0
960,4.0,46.0,1.0
961,152.0,178.0,1.0
962,262.0,24.0,1.0
963,1.0,87.0,1.0
964,857.0,45.0,1.0
965,56.0,116.0,1.0
966,160.0,5.0,0.0
967,174.0,336.0,0.0
968,453.0,1.0,1.0
969,720.0,330.0,0.0
970,187.0,67.0,0.0
971,438.0,12.0,0.0
972,15.0,38.0,1.0
973,354.0,199.0,0.0
974,568.0,243.0,0.0
975,677.0,19.0,1.0
976,621.0,205.0,0.0
977,300.0,9.0,1.0
978,333.0,309.0,0.0
979,17.0,23.0,1.0
980,0.0,23.0,1.0
981,347.0,320.0,0.0
982,16.0,138.0,1.0
983,254.0,9.0,1.0
984,716.0,170.0,0.0
985,880.0,405.0,0.0
986,167.0,255.0,0.0
987,463.0,80.0,1.0
988,46.0,3.0,1.0
989,401.0,6.0,1.0
990,382.0,208.0,0.0
991,4.0,12.0,1.0
992,321.0,303.0,0.0
993,11.0,58.0,1.0
994,151.0,331.0,1.0
995,278.0,431.0,0.0
996,209.0,387.0,0.0
997,61.0,255.0,1.0
998,411.0,149.0,0.0
999,839.0,61.0,0.0
1000,82.0,10.0,1.0
1001,8.0,324.0,1.0
1002,262.0,198.0,1.0
1003,573.0,310.0,0.0
1004,163.0,6.0,1.0
1005,85.0,150.0,1.0
1006,0.0,59.0,1.0
1007,0.0,53.0,1.0
1008,636.0,340.0,0.0
1009,254.0,2.0,1.0
1010,141.0,404.0,0.0
1011,405.0,426.0,0.0
1012,71.0,260.0,1.0
1013,610.0,247.0,0.0
1014,4.0,64.0,1.0
1015,214.0,52.0,0.0
1016,356.0,387.0,0.0
1017,7.0,64.0,1.0
1018,258.0,1.0,1.0
1019,470.0,0.0,1.0
1020,192.0,0.0,1.0
1021,48.0,229.0,1.0
1022,152.0,231.0,0.0
1023,138.0,82.0,1.0
1024,692.0,34.0,1.0
1025,869.0,94.0,1.0
1026,523.0,19.0,1.0
1027,125.0,9.0,1.0
1028,776.0,86.0,1.0
1029,634.0,400.0,0.0
1030,858.0,67.0,1.0
1031,94.0,4.0,1.0
1032,721.0,222.0,0.0
1033,718.0,263.0,0.0
1034,233.0,43.0,1.0
1035,526.0,2.0,0.0
1036,5.0,23.0,1.0
1037,251.0,355.0,0.0
1038,407.0,453.0,1.0
1039,10.0,219.0,1.0
1040,615.0,51.0,0.0
1041,71.0,28.0,1.0
1042,3.0,96.0,1.0
1043,260.0,356.0,0.0
1044,681.0,74.0,0.0
1045,28.0,146.0,0.0
1046,858.0,299.0,0.0
1047,843.0,258.0,0.0
1048,10.0,248.0,0.0
1049,473.0,126.0,0.0
1050,118.0,1.0,1.0
1051,529.0,383.0,0.0
1052,176.0,102.0,1.0
1053,113.0,307.0,1.0
1054,83.0,374.0,1.0
1055,32.0,122.0,1.0
1056,405.0,8.0,0.0
1057,143.0,8.0,0.0
1058,542.0,280.0,0.0
1059,849.0,227.0,1.0
1060,131.0,135.0,1.0
1061,59.0,130.0,0.0
1062,11.0,108.0,1.0
1063,396.0,237.0,0.0
1064,376.0,331.0,0.0
1065,158.0,125.0,0.0
1066,17.0,139.0,1.0
1067,25.0,251.0,1.0
1068,380.0,106.0,1.0
1069,352.0,78.0,0.0
1070,760.0,237.0,1.0
1071,812.0,251.0,0.0
1072,564.0,4.0,1.0
1073,306.0,28.0,1.0
1074,14.0,349.0,0.0
1075,20.0,173.0,1.0
1076,548.0,254.0,0.0
1077,207.0,444.0,0.0
1078,11.0,49.0,1.0
1079,595.0,316.0,0.0
1080,722.0,72.0,1.0
1081,433.0,425.0,0.0
1082,496.0,18.0,0.0
1083,770.0,268.0,0.0
1084,547.0,217.0,0.0
1085,129.0,3.0,1.0
1086,790.0,275.0,0.0
1087,612.0,18.0,0.0
1088,363.0,311.0,0.0
1089,373.0,47.0,1.0
1090,113.0,223.0,1.0
1091,631.0,146.0,1.0
1092,153.0,1.0,1.0
1093,423.0,404.0,0.0
1094,196.0,21.0,1.0
1095,237.0,107.0,1.0
1096,81.0,12.0,1.0
1097,424.0,3.0,1.0
1098,717.0,370.0,0.0
1099,222.0,257.0,0.0
1100,802.0,399.0,0.0
1101,439.0,222.0,0.0
1102,510.0,81.0,0.0
1103,1.0,96.0,1.0
1104,223.0,46.0,0.0
1105,41.0,163.0,1.0
1106,305.0,9.0,1.0
1107,519.0,43.0,0.0
1108,764.0,316.0,0.0
1109,835.0,314.0,0.0
1110,814.0,389.0,0.0
1111,429.0,446.0,0.0
1112,8.0,39.0,0.0
1113,750.0,260.0,0.0
1114,785.0,397.0,0.0
1115,760.0,246.0,0.0
1116,612.0,365.0,0.0
1117,155.0,15.0,1.0
1118,822.0,201.0,1.0
1119,43.0,110.0,1.0
1120,188.0,117.0,0.0
1121,342.0,58.0,1.0
1122,251.0,299.0,0.0
1123,236.0,48.0,1.0
1124,572.0,251.0,0.0
1125,431.0,17.0,0.0
1126,413.0,71.0,1.0
1127,38.0,75.0,1.0
1128,15.0,22.0,1.0
1129,244.0,41.0,1.0
1130,283.0,197.0,0.0
1131,124.0,133.0,0.0
1132,737.0,177.0,1.0
1133,12.0,32.0,1.0
1134,417.0,374.0,0.0
1135,70.0,144.0,0.0
1136,654.0,11.0,0.0
1137,128.0,105.0,1.0
1138,534.0,293.0,0.0
1139,730.0,315.0,0.0
1140,625.0,115.0,0.0
1141,609.0,308.0,0.0
1142,541.0,128.0,0.0
1143,649.0,138.0,0.0
1144,602.0,105.0,0.0
1145,147.0,30.0,1.0
1146,807.0,308.0,0.0
1147,2.0,61.0,1.0
1148,0.0,11.0,1.0
1149,246.0,206.0,0.0
1150,848.0,109.0,1.0
1151,39.0,370.0,1.0
1152,554.0,63.0,1.0
1153,13.0,224.0,0.0
1154,85.0,51.0,0.0
1155,111.0,184.0,0.0
1156,195.0,110.0,1.0
1157,779.0,47.0,1.0
1158,60.0,5.0,1.0
1159,107.0,87.0,0.0
1160,380.0,4.0,0.0
1161,184.0,24.0,0.0
1162,3.0,144.0,1.0
1163,725.0,154.0,0.0
1164,792.0,266.0,0.0
1165,431.0,279.0,0.0
1166,116.0,14.0,1.0
1167,222.0,0.0,1.0
1168,193.0,84.0,1.0
1169,287.0,91.0,0.0
1170,718.0,26.0,1.0
1171,493.0,369.0,0.0
1172,665.0,10.0,0.0
1173,509.0,194.0,0.0
1174,12.0,5.0,1.0
1175,40.0,236.0,1.0
1176,116.0,272.0,1.0
1177,174.0,135.0,0.0
1178,562.0,155.0,1.0
1179,413.0,38.0,1.0
1180,482.0,4.0,1.0
1181,562.0,259.0,0.0
1182,91.0,245.0,0.0
1183,375.0,326.0,0.0
1184,326.0,143.0,0.0
1185,244.0,25.0,1.0
1186,769.0,185.0,0.0
1187,0.0,19.0,1.0
1188,428.0,2.0,1.0
1189,486.0,224.0,0.0
1190,345.0,117.0,0.0
1191,279.0,80.0,0.0
1192,40.0,215.0,0.0
1193,18.0,389.0,1.0
1194,51.0,162.0,1.0
1195,250.0,145.0,0.0
1196,305.0,3.0,1.0
1197,693.0,33.0,1.0
1198,373.0,147.0,0.0
1199,356.0,382.0,0.0
1200,359.0,27.0,1.0
1201,22.0,72.0,1.0
1202,308.0,107.0,0.0
1203,643.0,94.0,1.0
1204,883.0,200.0,0.0
1205,96.0,322.0,0.0
1206,574.0,41.0,0.0
1207,93.0,37.0,1.0
1208,336.0,435.0,0.0
1209,150.0,29.0,1.0
1210,279.0,253.0,1.0
1211,62.0,179.0,0.0
1212,872.0,259.0,0.0
1213,324.0,172.0,0.0
1214,660.0,117.0,0.0
1215,191.0,145.0,0.0
1216,422.0,298.0,0.0
1217,272.0,38.0,1.0
1218,12.0,11.0,1.0
1219,768.0,288.0,0.0
1220,0.0,87.0,1.0
1221,91.0,220.0,1.0
1222,553.0,326.0,0.0
1223,12.0,205.0,0.0
1224,345.0,156.0,0.0
1225,817.0,381.0,0.0
1226,123.0,196.0,1.0
1227,3.0,70.0,1.0
1228,387.0,94.0,0.0
1229,512.0,312.0,0.0
1230,294.0,251.0,0.0
1231,0.0,4.0,1.0
1232,742.0,373.0,0.0
1233,349.0,201.0,1.0
1234,187.0,9.0,1.0
1235,237.0,12.0,0.0
1236,754.0,26.0,0.0
1237,168.0,283.0,1.0
1238,21.0,299.0,0.0
1239,98.0,289.0,0.0
1240,748.0,151.0,1.0
1241,443.0,0.0,1.0
1242,233.0,11.0,1.0
1243,412.0,384.0,0.0
1244,388.0,108.0,0.0
1245,225.0,36.0,0.0
1246,778.0,289.0,0.0
1247,577.0,393.0,0.0
1248,544.0,11.0,0.0
1249,263.0,28.0,1.0
1250,120.0,130.0,0.0
1251,491.0,77.0,0.0
1252,672.0,47.0,1.0
1253,255.0,8.0,0.0
1254,567.0,118.0,1.0
1255,184.0,242.0,1.0
1256,122.0,5.0,1.0
1257,429.0,0.0,1.0
1258,53.0,304.0,1.0
1259,176.0,402.0,0.0
1260,32.0,218.0,1.0
1261,148.0,365.0,0.0
1262,80.0,21.0,1.0
1263,798.0,30.0,1.0
1264,213.0,52.0,1.0
1265,250.0,92.0,0.0
1266,802.0,41.0,0.0
1267,244.0,140.0,1.0
1268,9.0,139.0,1.0
1269,874.0,275.0,0.0
1270,10.0,285.0,0.0
1271,96.0,238.0,1.0
1272,0.0,185.0,1.0
1273,804.0,292.0,0.0
1274,526.0,275.0,1.0
1275,722.0,278.0,0.0
1276,706.0,328.0,0.0
1277,561.0,315.0,0.0
1278,702.0,1.0,0.0
1279,47.0,5.0,1.0
1280,833.0,326.0,0.0
1281,797.0,14.0,1.0
1282,33.0,95.0,1.0
1283,8.0,269.0,1.0
1284,52.0,59.0,1.0
1285,373.0,98.0,0.0
1286,36.0,245.0,1.0
1287,35.0,223.0,1.0
1288,93.0,52.0,1.0
1289,797.0,115.0,0.0
1290,302.0,71.0,1.0
1291,683.0,335.0,0.0
1292,763.0,1.0,0.0
1293,114.0,369.0,0.0
1294,616.0,25.0,1.0
1295,341.0,265.0,0.0
1296,309.0,148.0,0.0
1297,363.0,409.0,0.0
1298,804.0,141.0,1.0
1299,9.0,39.0,1.0
1300,61.0,209.0,1.0
1301,6.0,191.0,1.0
1302,752.0,47.0,1.0
1303,6.0,117.0,1.0
1304,274.0,11.0,1.0
1305,219.0,41.0,1.0
1306,539.0,395.0,0.0
1307,852.0,426.0,0.0
1308,269.0,153.0,0.0
1309,529.0,420.0,0.0
1310,13.0,421.0,1.0
1311,65.0,50.0,1.0
1312,116.0,0.0,1.0
1313,15.0,71.0,1.0
1314,743.0,214.0,0.0
1315,731.0,214.0,0.0
1316,204.0,2.0,1.0
1317,10.0,10.0,1.0
1318,91.0,88.0,1.0
1319,353.0,3.0,1.0
1320,57.0,311.0,0.0
1321,223.0,67.0,1.0
1322,435.0,232.0,0.0
1323,73.0,66.0,1.0
1324,781.0,55.0,1.0
1325,729.0,41.0,1.0
1326,837.0,101.0,0.0
1327,517.0,231.0,0.0
1328,583.0,275.0,0.0
1329,348.0,3.0,0.0
1330,5.0,75.0,1.0
1331,532.0,1.0,1.0
1332,224.0,77.0,1.0
1333,226.0,252.0,0.0
1334,585.0,217.0,0.0
1335,622.0,118.0,0.0
1336,846.0,94.0,1.0
1337,19.0,13.0,1.0
1338,198.0,369.0,1.0
1339,473.0,260.0,0.0
1340,549.0,53.0,0.0
1341,81.0,22.0,1.0
1342,50.0,150.0,1.0
1343,40.0,308.0,1.0
1344,462.0,237.0,0.0
1345,421.0,130.0,0.0
1346,284.0,269.0,0.0
1347,678.0,176.0,0.0
1348,425.0,113.0,0.0
1349,371.0,4.0,1.0
1350,143.0,161.0,1.0
1351,231.0,92.0,0.0
1352,630.0,15.0,0.0
1353,298.0,157.0,0.0
1354,121.0,5.0,1.0
1355,175.0,3.0,1.0
1356,601.0,436.0,0.0
1357,11.0,83.0,1.0
1358,242.0,37.0,1.0
1359,66.0,265.0,0.0
1360,218.0,150.0,1.0
1361,40.0,338.0,1.0
1362,456.0,35.0,0.0
1363,82.0,211.0,1.0
1364,25.0,239.0,1.0
1365,752.0,406.0,0.0
1366,719.0,397.0,0.0
1367,18.0,145.0,1.0
1368,135.0,137.0,1.0
1369,9.0,83.0,1.0
1370,8.0,194.0,1.0
1371,632.0,372.0,0.0
1372,186.0,39.0,0.0
1373,16.0,437.0,0.0
1374,873.0,41.0,0.0
1375,37.0,384.0,1.0
1376,649.0,61.0,0.0
1377,2.0,89.0,1.0
1378,732.0,97.0,1.0
1379,736.0,44.0,1.0
1380,660.0,107.0,1.0
1381,760.0,295.0,0.0
1382,710.0,443.0,0.0
1383,667.0,214.0,0.0
1384,696.0,447.0,0.0
1385,513.0,129.0,0.0
1386,103.0,86.0,1.0
1387,500.0,106.0,1.0
1388,116.0,322.0,0.0
1389,82.0,321.0,0.0
1390,44.0,266.0,1.0
1391,49.0,339.0,1.0
1392,6.0,33.0,1.0
1393,206.0,426.0,0.0
1394,605.0,285.0,0.0
1395,147.0,338.0,0.0
1396,144.0,179.0,0.0
1397,566.0,74.0,1.0
1398,882.0,130.0,0.0
1399,152.0,51.0,0.0
1400,262.0,191.0,0.0
1401,802.0,246.0,0.0
1402,149.0,337.0,0.0
1403,579.0,95.0,0.0
1404,812.0,365.0,0.0
1405,100.0,30.0,1.0
1406,615.0,211.0,0.0
1407,444.0,168.0,0.0
1408,175.0,121.0,0.0
1409,805.0,276.0,0.0
1410,127.0,1.0,1.0
1411,502.0,419.0,0.0
1412,701.0,94.0,1.0
1413,726.0,271.0,0.0
1414,133.0,1.0,1.0
1415,742.0,363.0,0.0
1416,49.0,62.0,1.0
1417,483.0,0.0,1.0
1418,46.0,11.0,1.0
1419,522.0,246.0,0.0
1420,517.0,150.0,0.0
1421,184.0,243.0,1.0
1422,608.0,37.0,0.0
1423,299.0,3.0,1.0
1424,277.0,422.0,1.0
1425,535.0,216.0,0.0
1426,167.0,263.0,0.0
1427,606.0,254.0,1.0
1428,406.0,308.0,0.0
1429,193.0,4.0,1.0
1430,148.0,106.0,0.0
1431,591.0,428.0,0.0
1432,449.0,395.0,0.0
1433,39.0,51.0,1.0
1434,317.0,10.0,1.0
1435,847.0,107.0,0.0
1436,333.0,164.0,0.0
1437,433.0,139.0,0.0
1438,215.0,57.0,1.0
1439,189.0,36.0,1.0
1440,56.0,105.0,0.0
1441,157.0,85.0,0.0
1442,240.0,24.0,0.0
1443,0.0,176.0,1.0
1444,452.0,324.0,0.0
1445,235.0,215.0,1.0
1446,353.0,192.0,0.0
1447,43.0,279.0,1.0
1448,65.0,422.0,0.0
1449,512.0,7.0,0.0
1450,877.0,14.0,1.0
1451,402.0,326.0,0.0
1452,237.0,290.0,0.0
1453,26.0,168.0,0.0
1454,69.0,241.0,1.0
1455,317.0,102.0,0.0
1456,348.0,402.0,0.0
1457,132.0,13.0,0.0
1458,711.0,407.0,0.0
1459,68.0,97.0,0.0
1460,656.0,161.0,0.0
1461,317.0,328.0,0.0
1462,36.0,5.0,1.0
1463,400.0,2.0,1.0
1464,13.0,51.0,1.0
1465,389.0,213.0,0.0
1466,165.0,1.0,1.0
1467,738.0,7.0,1.0
1468,25.0,210.0,1.0
1469,263.0,452.0,0.0
1470,1.0,25.0,1.0
1471,0.0,76.0,1.0
1472,60.0,173.0,1.0
1473,278.0,154.0,0.0
1474,577.0,83.0,0.0
1475,449.0,110.0,0.0
1476,410.0,196.0,0.0
1477,30.0,22.0,1.0
1478,120.0,30.0,1.0
1479,386.0,131.0,0.0
1480,627.0,34.0,0.0
1481,512.0,258.0,0.0
1482,78.0,10.0,1.0
1483,315.0,1.0,1.0
1484,104.0,4.0,1.0
1485,495.0,293.0,1.0
1486,260.0,73.0,1.0
1487,278.0,20.0,1.0
1488,449.0,427.0,0.0
1489,313.0,1.0,1.0
1490,573.0,42.0,1.0
1491,55.0,27.0,1.0
1492,378.0,391.0,0.0
1493,831.0,428.0,0.0
1494,710.0,314.0,0.0
1495,142.0,127.0,0.0
1496,167.0,223.0,0.0
1497,508.0,235.0,1.0
1498,126.0,94.0,1.0
1499,875.0,93.0,1.0
1500,2.0,125.0,1.0
1501,362.0,272.0,0.0
1502,1.0,113.0,1.0
1503,286.0,195.0,0.0
1504,562.0,275.0,0.0
1505,19.0,102.0,0.0
1506,891.0,54.0,0.0
1507,386.0,212.0,1.0
1508,201.0,52.0,1.0
1509,355.0,27.0,1.0
1510,326.0,2.0,1.0
1511,23.0,2.0,0.0
1512,66.0,282.0,0.0
1513,810.0,449.0,0.0
1514,674.0,337.0,0.0
1515,172.0,31.0,1.0
1516,489.0,39.0,0.0
1517,2.0,91.0,1.0
1518,306.0,280.0,0.0
1519,3.0,176.0,1.0
1520,225.0,3.0,1.0
1521,695.0,248.0,0.0
1522,41.0,21.0,1.0
1523,139.0,13.0,1.0
1524,21.0,216.0,1.0
1525,170.0,17.0,1.0
1526,888.0,166.0,0.0
1527,720.0,202.0,0.0
1528,54.0,347.0,1.0
1529,243.0,118.0,1.0
1530,102.0,317.0,0.0
1531,164.0,37.0,1.0
1532,834.0,396.0,0.0
1533,411.0,37.0,1.0
1534,201.0,37.0,1.0
1535,783.0,82.0,1.0
1536,835.0,235.0,0.0
1537,261.0,378.0,1.0
1538,22.0,81.0,1.0
1539,204.0,6.0,1.0
1540,778.0,109.0,0.0
1541,623.0,271.0,0.0
1542,755.0,322.0,0.0
1543,138.0,228.0,0.0
1544,583.0,427.0,0.0
1545,323.0,181.0,1.0
1546,179.0,51.0,0.0
1547,592.0,42.0,1.0
1548,750.0,384.0,0.0
1549,297.0,21.0,1.0
1550,499.0,409.0,0.0
1551,651.0,3.0,1.0
1552,7.0,87.0,1.0
1553,603.0,434.0,0.0
1554,698.0,399.0,0.0
1555,45.0,8.0,1.0
1556,799.0,339.0,0.0
1557,561.0,22.0,0.0
1558,585.0,268.0,0.0
1559,788.0,42.0,1.0
1560,6.0,99.0,1.0
1561,34.0,88.0,1.0
1562,323.0,287.0,1.0
1563,429.0,31.0,1.0
1564,357.0,0.0,1.0
1565,12.0,186.0,1.0
1566,792.0,198.0,0.0
1567,501.0,41.0,1.0
1568,328.0,107.0,0.0
1569,673.0,158.0,0.0
1570,282.0,303.0,0.0
1571,119.0,121.0,1.0
1572,502.0,269.0,0.0
1573,34.0,16.0,1.0
1574,371.0,438.0,0.0
1575,75.0,229.0,1.0
1576,101.0,148.0,0.0
1577,400.0,121.0,0.0
1578,831.0,204.0,0.0
1579,0.0,125.0,1.0
1580,391.0,251.0,0.0
1581,483.0,5.0,0.0
1582,535.0,423.0,0.0
1583,821.0,144.0,0.0
1584,19.0,232.0,0.0
1585,626.0,233.0,1.0
1586,487.0,300.0,0.0
1587,522.0,236.0,0.0
1588,105.0,71.0,1.0
1589,465.0,65.0,1.0
1590,29.0,37.0,0.0
1591,256.0,79.0,1.0
1592,712.0,7.0,1.0
1593,792.0,248.0,1.0
1594,829.0,112.0,0.0
1595,396.0,21.0,0.0
1596,234.0,21.0,1.0
1597,114.0,138.0,1.0
1598,480.0,188.0,0.0
1599,851.0,234.0,0.0
1600,637.0,257.0,0.0
1601,65.0,30.0,1.0
1602,549.0,39.0,0.0
1603,887.0,38.0,1.0
1604,716.0,7.0,1.0
1605,38.0,20.0,0.0
1606,504.0,47.0,0.0
1607,770.0,142.0,0.0
1608,659.0,39.0,0.0
1609,128.0,185.0,0.0
1610,877.0,74.0,0.0
1611,53.0,280.0,0.0
1612,848.0,36.0,0.0
1613,804.0,202.0,0.0
1614,576.0,358.0,0.0
1615,155.0,70.0,1.0
1616,25.0,12.0,1.0
1617,621.0,361.0,0.0
1618,270.0,30.0,1.0
1619,759.0,171.0,1.0
1620,783.0,393.0,0.0
1621,816.0,309.0,0.0
1622,223.0,39.0,0.0
1623,20.0,92.0,1.0
1624,489.0,344.0,0.0
1625,171.0,66.0,1.0
1626,0.0,197.0,1.0
1627,110.0,214.0,0.0
1628,7.0,11.0,1.0
1629,153.0,216.0,0.0
1630,255.0,197.0,0.0
1631,758.0,425.0,0.0
1632,697.0,250.0,0.0
1633,473.0,97.0,0.0
1634,478.0,27.0,0.0
1635,24.0,79.0,1.0
1636,837.0,336.0,0.0
1637,373.0,107.0,1.0
1638,477.0,195.0,0.0
1639,8.0,410.0,1.0
1640,758.0,280.0,0.0
1641,9.0,213.0,1.0
1642,700.0,278.0,0.0
1643,666.0,255.0,0.0
1644,265.0,27.0,0.0
1645,615.0,217.0,0.0
1646,68.0,55.0,1.0
1647,98.0,260.0,1.0
1648,438.0,241.0,0.0
1649,840.0,112.0,0.0
1650,144.0,331.0,0.0
1651,464.0,0.0,1.0
1652,619.0,313.0,0.0
1653,77.0,57.0,1.0
1654,859.0,108.0,0.0
1655,111.0,22.0,1.0
1656,667.0,389.0,0.0
1657,476.0,446.0,0.0
1658,469.0,4.0,1.0
1659,525.0,210.0,0.0
1660,711.0,57.0,0.0
1661,80.0,35.0,1.0
1662,90.0,411.0,0.0
1663,641.0,145.0,0.0
1664,710.0,278.0,0.0
1665,62.0,141.0,0.0
1666,72.0,311.0,1.0
1667,2.0,154.0,1.0
1668,674.0,107.0,0.0
1669,47.0,3.0,0.0
1670,210.0,373.0,0.0
1671,7.0,77.0,1.0
1672,307.0,61.0,1.0
1673,404.0,390.0,0.0
1674,497.0,275.0,1.0
1675,188.0,273.0,0.0
1676,577.0,11.0,1.0
1677,130.0,435.0,1.0
1678,38.0,134.0,1.0
1679,607.0,145.0,0.0
1680,7.0,61.0,1.0
1681,382.0,212.0,0.0
1682,5.0,19.0,1.0
1683,12.0,81.0,1.0
1684,11.0,175.0,1.0
1685,2.0,6.0,1.0
1686,391.0,281.0,1.0
1687,418.0,0.0,1.0
1688,259.0,284.0,1.0
1689,361.0,31.0,1.0
1690,436.0,297.0,1.0
1691,141.0,92.0,1.0
1692,74.0,20.0,1.0
1693,328.0,2.0,1.0
1694,124.0,385.0,0.0
1695,429.0,360.0,0.0
1696,29.0,36.0,1.0
1697,668.0,91.0,0.0
1698,884.0,89.0,0.0
1699,655.0,210.0,0.0
1700,785.0,171.0,1.0
1701,5.0,70.0,1.0
1702,398.0,7.0,1.0
1703,253.0,354.0,0.0
1704,219.0,85.0,0.0
1705,162.0,36.0,1.0
1706,400.0,201.0,0.0
1707,410.0,302.0,0.0
1708,813.0,1.0,1.0
1709,199.0,43.0,1.0
1710,44.0,353.0,0.0
1711,560.0,314.0,0.0
1712,284.0,80.0,1.0
1713,370.0,421.0,0.0
1714,516.0,339.0,0.0
1715,86.0,217.0,1.0
1716,192.0,405.0,0.0
1717,237.0,410.0,0.0
1718,0.0,50.0,1.0
1719,867.0,386.0,0.0
1720,101.0,215.0,1.0
1721,202.0,63.0,0.0
1722,340.0,435.0,0.0
1723,683.0,288.0,0.0
1724,888.0,153.0,0.0
1725,339.0,2.0,1.0
1726,230.0,351.0,0.0
1727,742.0,90.0,1.0
1728,61.0,101.0,1.0
1729,269.0,198.0,0.0
1730,555.0,8.0,0.0
1731,15.0,8.0,1.0
1732,533.0,118.0,0.0
1733,617.0,300.0,0.0
1734,77.0,266.0,0.0
1735,727.0,400.0,0.0
1736,172.0,78.0,1.0
1737,606.0,438.0,0.0
1738,397.0,388.0,0.0
1739,290.0,2.0,1.0
1740,447.0,433.0,0.0
1741,182.0,104.0,1.0
1742,878.0,397.0,0.0
1743,42.0,164.0,0.0
1744,429.0,356.0,0.0
1745,473.0,295.0,0.0
1746,202.0,248.0,0.0
1747,226.0,141.0,1.0
1748,28.0,37.0,1.0
1749,23.0,53.0,1.0
1750,689.0,356.0,0.0
1751,446.0,196.0,0.0
1752,287.0,401.0,0.0
1753,878.0,192.0,0.0
1754,192.0,118.0,0.0
1755,482.0,204.0,0.0
1756,79.0,178.0,1.0
1757,37.0,16.0,1.0
1758,52.0,159.0,0.0
1759,827.0,73.0,0.0
1760,415.0,367.0,0.0
1761,593.0,28.0,0.0
1762,890.0,41.0,0.0
1763,108.0,2.0,1.0
1764,10.0,234.0,0.0
1765,113.0,261.0,0.0
1766,823.0,236.0,0.0
1767,284.0,86.0,1.0
1768,325.0,199.0,1.0
1769,568.0,232.0,0.0
1770,399.0,148.0,1.0
1771,113.0,45.0,1.0
1772,766.0,14.0,1.0
1773,422.0,248.0,0.0
1774,64.0,132.0,0.0
1775,210.0,43.0,0.0
1776,489.0,415.0,0.0
1777,678.0,373.0,0.0
1778,463.0,308.0,0.0
1779,277.0,174.0,0.0
1780,526.0,221.0,0.0
1781,66.0,167.0,0.0
1782,7.0,32.0,1.0
1783,519.0,414.0,0.0
1784,301.0,63.0,1.0
1785,205.0,5.0,1.0
1786,1.0,154.0,1.0
1787,359.0,53.0,1.0
1788,38.0,272.0,0.0
1789,300.0,2.0,1.0
1790,194.0,37.0,1.0
1791,682.0,204.0,0.0
1792,767.0,418.0,0.0
1793,464.0,1.0,1.0
1794,423.0,331.0,0.0
1795,3.0,133.0,1.0
1796,498.0,99.0,0.0
1797,202.0,2.0,1.0
1798,404.0,166.0,0.0
1799,611.0,190.0,1.0
1800,334.0,140.0,1.0
1801,777.0,402.0,0.0
1802,51.0,442.0,0.0
1803,572.0,223.0,0.0
1804,302.0,187.0,1.0
1805,174.0,307.0,0.0
1806,91.0,63.0,0.0
1807,128.0,18.0,1.0
1808,269.0,22.0,1.0
1809,293.0,20.0,1.0
1810,222.0,169.0,0.0
1811,501.0,83.0,0.0
1812,161.0,250.0,0.0
1813,13.0,428.0,1.0
1814,401.0,2.0,1.0
1815,146.0,137.0,1.0
1816,778.0,95.0,0.0
1817,721.0,143.0,0.0
1818,517.0,37.0,1.0
1819,29.0,130.0,1.0
1820,30.0,8.0,1.0
1821,18.0,16.0,1.0
1822,186.0,78.0,1.0
1823,7.0,63.0,1.0
1824,507.0,107.0,0.0
1825,53.0,305.0,1.0
1826,302.0,396.0,0.0
1827,61.0,66.0,1.0
1828,1.0,2.0,1.0
1829,13.0,12.0,1.0
1830,77.0,34.0,1.0
1831,161.0,73.0,1.0
1832,522.0,3.0,1.0
1833,92.0,34.0,1.0
1834,10.0,5.0,1.0
1835,867.0,183.0,1.0
1836,341.0,34.0,0.0
1837,6.0,61.0,1.0
1838,622.0,23.0,0.0
1839,776.0,420.0,0.0
1840,266.0,1.0,1.0
1841,297.0,441.0,0.0
1842,5.0,87.0,1.0
1843,76.0,72.0,1.0
1844,9.0,5.0,1.0
1845,127.0,203.0,0.0
1846,10.0,39.0,1.0
1847,17.0,16.0,1.0
1848,682.0,8.0,1.0
1849,397.0,277.0,0.0
1850,27.0,99.0,1.0
1851,379.0,6.0,1.0
1852,717.0,345.0,0.0
1853,80.0,29.0,1.0
1854,223.0,50.0,0.0
1855,786.0,55.0,1.0
1856,149.0,6.0,1.0
1857,155.0,39.0,0.0
1858,13.0,190.0,0.0
1859,841.0,175.0,0.0
1860,7.0,184.0,0.0
1861,426.0,85.0,0.0
1862,216.0,187.0,0.0
1863,59.0,147.0,0.0
1864,768.0,254.0,0.0
1865,515.0,442.0,0.0
1866,379.0,2.0,1.0
1867,484.0,30.0,1.0
1868,385.0,2.0,0.0
1869,552.0,324.0,0.0
1870,500.0,271.0,0.0
1871,174.0,22.0,1.0
1872,638.0,434.0,0.0
1873,179.0,348.0,1.0
1874,50.0,190.0,0.0
1875,6.0,75.0,1.0
1876,252.0,319.0,0.0
1877,95.0,36.0,1.0
1878,837.0,359.0,0.0
1879,98.0,94.0,0.0
1880,456.0,146.0,0.0
1881,361.0,100.0,0.0
1882,733.0,244.0,0.0
1883,18.0,27.0,1.0
1884,582.0,57.0,0.0
1885,10.0,145.0,1.0
1886,226.0,7.0,1.0
1887,14.0,129.0,1.0
1888,258.0,133.0,0.0
1889,125.0,3.0,1.0
1890,441.0,215.0,0.0
1891,797.0,393.0,0.0
1892,818.0,240.0,0.0
1893,765.0,241.0,0.0
1894,0.0,16.0,1.0
1895,47.0,19.0,1.0
1896,39.0,164.0,0.0
1897,319.0,238.0,0.0
1898,430.0,2.0,1.0
1899,11.0,120.0,1.0
1900,849.0,419.0,0.0
1901,595.0,181.0,1.0
1902,584.0,331.0,0.0
1903,154.0,155.0,1.0
1904,288.0,0.0,1.0
1905,8.0,376.0,1.0
1906,61.0,450.0,0.0
1907,621.0,60.0,1.0
1908,587.0,85.0,1.0
1909,20.0,257.0,0.0
1910,774.0,418.0,0.0
1911,888.0,395.0,0.0
1912,466.0,73.0,1.0
1913,375.0,83.0,1.0
1914,530.0,236.0,0.0
1915,6.0,51.0,1.0
1916,532.0,199.0,0.0
1917,823.0,44.0,1.0
1918,241.0,2.0,1.0
1919,26.0,53.0,1.0
1920,12.0,158.0,1.0
1921,80.0,28.0,1.0
1922,5.0,156.0,1.0
1923,9.0,314.0,1.0
1924,5.0,51.0,1.0
1925,662.0,378.0,0.0
1926,27.0,234.0,1.0
1927,11.0,128.0,1.0
1928,500.0,151.0,0.0
1929,485.0,437.0,0.0
1930,71.0,3.0,1.0
1931,16.0,124.0,1.0
1932,250.0,172.0,0.0
1933,789.0,193.0,1.0
1934,455.0,209.0,0.0
1935,6.0,9.0,1.0
1936,1.0,51.0,1.0
1937,191.0,434.0,0.0
1938,541.0,74.0,0.0
1939,216.0,24.0,1.0
1940,225.0,2.0,1.0
1941,402.0,143.0,0.0
1942,114.0,6.0,1.0
1943,20.0,129.0,1.0
1944,681.0,286.0,0.0
1945,7.0,42.0,1.0
1946,202.0,263.0,0.0
1947,2.0,114.0,1.0
1948,165.0,18.0,1.0
1949,160.0,129.0,0.0
1950,256.0,412.0,0.0
1951,19.0,10.0,1.0
1952,92.0,18.0,1.0
1953,61.0,423.0,0.0
1954,713.0,19.0,0.0
1955,325.0,273.0,0.0
1956,103.0,38.0,1.0
1957,81.0,246.0,1.0
1958,9.0,95.0,1.0
1959,230.0,9.0,1.0
1960,443.0,250.0,0.0
1961,281.0,6.0,1.0
1962,864.0,140.0,1.0
1963,524.0,55.0,1.0
1964,25.0,202.0,1.0
1965,313.0,358.0,0.0
1966,56.0,25.0,1.0
1967,164.0,187.0,0.0
1968,681.0,257.0,0.0
1969,542.0,26.0,1.0
1970,100.0,90.0,0.0
1971,636.0,354.0,0.0
1972,304.0,114.0,0.0
1973,85.0,165.0,0.0
1974,755.0,231.0,0.0
1975,237.0,141.0,1.0
1976,726.0,446.0,0.0
1977,2.0,112.0,1.0
1978,836.0,98.0,0.0
1979,106.0,0.0,1.0
1980,476.0,16.0,0.0
1981,230.0,221.0,0.0
1982,138.0,38.0,0.0
1983,16.0,63.0,1.0
1984,321.0,290.0,0.0
1985,440.0,175.0,0.0
1986,696.0,23.0,0.0
1987,84.0,132.0,1.0
1988,2.0,3.0,1.0
1989,609.0,153.0,0.0
1990,1.0,114.0,1.0
1991,4.0,111.0,1.0
1992,2.0,5.0,1.0
1993,79.0,284.0,1.0
1994,91.0,176.0,0.0
1995,192.0,453.0,0.0
1996,851.0,103.0,1.0
1997,444.0,19.0,0.0
1998,2.0,23.0,1.0
1999,39.0,247.0,1.0
2000,184.0,327.0,0.0
2001,392.0,6.0,1.0
2002,582.0,376.0,0.0
2003,669.0,166.0,0.0
2004,31.0,40.0,1.0
2005,163.0,159.0,0.0
2006,235.0,207.0,1.0
2007,502.0,364.0,0.0
2008,11.0,92.0,1.0
2009,33.0,326.0,0.0
2010,45.0,406.0,0.0
2011,47.0,258.0,1.0
2012,167.0,43.0,1.0
2013,152.0,414.0,1.0
2014,203.0,13.0,1.0
2015,365.0,46.0,1.0
2016,217.0,0.0,1.0
2017,39.0,315.0,1.0
2018,331.0,169.0,0.0
2019,461.0,402.0,0.0
2020,15.0,80.0,1.0
2021,174.0,8.0,1.0
2022,68.0,107.0,0.0
2023,474.0,6.0,0.0
2024,836.0,241.0,0.0
2025,267.0,48.0,1.0
2026,874.0,14.0,1.0
2027,305.0,188.0,0.0
2028,662.0,267.0,0.0
2029,550.0,377.0,1.0
2030,572.0,70.0,0.0
2031,38.0,24.0,1.0
2032,334.0,26.0,0.0
2033,38.0,12.0,1.0
2034,8.0,316.0,1.0
2035,253.0,29.0,1.0
2036,841.0,244.0,0.0
2037,221.0,0.0,1.0
2038,7.0,43.0,1.0
2039,884.0,379.0,0.0
2040,92.0,199.0,0.0
2041,813.0,112.0,0.0
2042,238.0,171.0,1.0
2043,371.0,28.0,0.0
2044,864.0,159.0,0.0
2045,587.0,194.0,0.0
2046,432.0,211.0,0.0
2047,778.0,159.0,0.0
2048,473.0,7.0,1.0
2049,183.0,352.0,0.0
2050,6.0,386.0,1.0
2051,479.0,341.0,0.0
2052,749.0,445.0,0.0
2053,3.0,110.0,1.0
2054,584.0,9.0,1.0
2055,507.0,364.0,0.0
2056,428.0,143.0,0.0
2057,505.0,44.0,1.0
2058,264.0,0.0,1.0
2059,843.0,103.0,0.0
2060,464.0,231.0,0.0
2061,887.0,200.0,0.0
2062,438.0,152.0,0.0
2063,763.0,107.0,1.0
2064,0.0,32.0,1.0
2065,129.0,415.0,0.0
2066,301.0,294.0,0.0
2067,737.0,249.0,0.0
2068,121.0,138.0,0.0
2069,408.0,373.0,0.0
2070,54.0,94.0,0.0
2071,88.0,414.0,0.0
2072,847.0,84.0,1.0
2073,295.0,0.0,1.0
2074,596.0,137.0,0.0
2075,120.0,196.0,1.0
2076,3.0,19.0,1.0
2077,17.0,53.0,1.0
2078,170.0,319.0,0.0
2079,404.0,434.0,0.0
2080,0.0,114.0,1.0
2081,509.0,223.0,0.0
2082,473.0,130.0,1.0
2083,168.0,27.0,1.0
2084,294.0,21.0,1.0
2085,363.0,130.0,0.0
2086,578.0,174.0,1.0
2087,11.0,13.0,1.0
2088,178.0,299.0,1.0
2089,684.0,196.0,0.0
2090,135.0,33.0,0.0
2091,0.0,156.0,1.0
2092,28.0,452.0,0.0
2093,365.0,11.0,1.0
2094,282.0,49.0,0.0
2095,542.0,142.0,0.0
2096,547.0,303.0,0.0
2097,120.0,65.0,1.0
2098,756.0,13.0,0.0
2099,804.0,57.0,0.0
2100,207.0,277.0,1.0
2101,447.0,295.0,0.0
2102,704.0,196.0,0.0
2103,86.0,54.0,1.0
2104,471.0,185.0,0.0
2105,184.0,49.0,0.0
2106,360.0,130.0,1.0
2107,4.0,61.0,1.0
2108,762.0,97.0,0.0
2109,285.0,2.0,1.0
2110,18.0,268.0,0.0
2111,0.0,56.0,1.0
2112,126.0,15.0,1.0
2113,64.0,74.0,0.0
2114,343.0,350.0,1.0
2115,364.0,73.0,1.0
2116,364.0,34.0,0.0
2117,616.0,363.0,0.0
2118,50.0,147.0,1.0
2119,26.0,19.0,1.0
2120,58.0,133.0,0.0
2121,775.0,313.0,1.0
2122,45.0,267.0,1.0
2123,314.0,51.0,0.0
2124,699.0,250.0,0.0
2125,29.0,131.0,1.0
2126,77.0,153.0,0.0
2127,19.0,95.0,1.0
2128,191.0,54.0,1.0
2129,426.0,312.0,0.0
2130,287.0,92.0,1.0
2131,579.0,152.0,0.0
2132,200.0,0.0,0.0
2133,553.0,228.0,0.0
2134,165.0,428.0,0.0
2135,14.0,322.0,1.0
2136,397.0,2.0,1.0
2137,36.0,335.0,1.0
2138,286.0,37.0,1.0
2139,390.0,33.0,1.0
2140,517.0,77.0,0.0
2141,827.0,107.0,0.0
2142,12.0,88.0,1.0
2143,73.0,438.0,0.0
2144,266.0,18.0,1.0
2145,791.0,61.0,1.0
2146,1.0,111.0,1.0
2147,797.0,81.0,0.0
2148,207.0,324.0,0.0
2149,2.0,117.0,1.0
2150,336.0,365.0,0.0
2151,191.0,385.0,0.0
2152,450.0,67.0,1.0
2153,494.0,42.0,1.0
2154,557.0,108.0,0.0
2155,486.0,38.0,0.0
2156,706.0,174.0,0.0
2157,551.0,14.0,1.0
2158,116.0,1.0,1.0
2159,503.0,2.0,1.0
2160,157.0,40.0,1.0
2161,709.0,423.0,0.0
2162,3.0,156.0,1.0
2163,230.0,417.0,0.0
2164,15.0,51.0,1.0
2165,490.0,381.0,0.0
2166,55.0,217.0,0.0
2167,276.0,437.0,0.0
2168,864.0,401.0,0.0
2169,620.0,364.0,0.0
2170,511.0,1.0,1.0
2171,544.0,397.0,1.0
2172,33.0,129.0,1.0
2173,119.0,1.0,1.0
2174,415.0,244.0,0.0
2175,413.0,322.0,0.0
2176,749.0,290.0,0.0
2177,166.0,45.0,1.0
2178,705.0,156.0,0.0
2179,34.0,5.0,1.0
2180,95.0,98.0,1.0
2181,886.0,117.0,0.0
2182,727.0,33.0,1.0
2183,461.0,1.0,1.0
2184,118.0,0.0,1.0
2185,698.0,375.0,0.0
2186,3.0,111.0,1.0
2187,478.0,296.0,0.0
2188,12.0,49.0,1.0
2189,485.0,391.0,0.0
2190,844.0,252.0,0.0
2191,3.0,32.0,1.0
2192,332.0,438.0,0.0
2193,885.0,241.0,0.0
2194,429.0,335.0,0.0
2195,420.0,335.0,0.0
2196,137.0,73.0,1.0
2197,207.0,117.0,0.0
2198,793.0,249.0,0.0
2199,177.0,138.0,1.0
2200,131.0,34.0,1.0
2201,1.0,4.0,1.0
2202,645.0,356.0,0.0
2203,540.0,411.0,0.0
2204,418.0,446.0,0.0
2205,651.0,312.0,0.0
2206,501.0,103.0,1.0
2207,821.0,39.0,0.0
2208,132.0,105.0,1.0
2209,246.0,38.0,1.0
2210,31.0,330.0,0.0
2211,234.0,453.0,0.0
2212,18.0,81.0,1.0
2213,470.0,37.0,0.0
2214,358.0,441.0,0.0
2215,507.0,410.0,0.0
2216,352.0,321.0,0.0
2217,881.0,150.0,0.0
2218,169.0,66.0,1.0
2219,233.0,3.0,1.0
2220,292.0,185.0,0.0
2221,373.0,255.0,0.0
2222,399.0,54.0,1.0
2223,112.0,307.0,1.0
2224,480.0,238.0,1.0
2225,662.0,336.0,0.0
2226,113.0,420.0,1.0
2227,482.0,148.0,0.0
2228,465.0,374.0,0.0
2229,378.0,2.0,1.0
2230,116.0,18.0,1.0
2231,162.0,38.0,1.0
2232,78.0,245.0,0.0
2233,295.0,427.0,0.0
2234,421.0,2.0,1.0
2235,27.0,344.0,1.0
2236,247.0,149.0,1.0
2237,319.0,8.0,1.0
2238,719.0,279.0,0.0
2239,583.0,249.0,0.0
2240,62.0,88.0,0.0
2241,322.0,309.0,0.0
2242,737.0,324.0,0.0
2243,372.0,50.0,0.0
2244,32.0,60.0,1.0
2245,162.0,69.0,0.0
2246,502.0,239.0,0.0
2247,466.0,128.0,0.0
2248,431.0,219.0,0.0
2249,390.0,200.0,1.0
2250,95.0,337.0,0.0
2251,726.0,333.0,0.0
2252,337.0,1.0,1.0
2253,7.0,23.0,1.0
2254,108.0,44.0,1.0
2255,325.0,39.0,0.0
2256,423.0,215.0,0.0
2257,295.0,369.0,0.0
2258,614.0,224.0,0.0
2259,695.0,409.0,0.0
2260,327.0,79.0,1.0
2261,175.0,6.0,1.0
2262,239.0,9.0,1.0
2263,267.0,119.0,0.0
2264,358.0,0.0,1.0
2265,705.0,373.0,0.0
2266,22.0,109.0,0.0
2267,512.0,193.0,1.0
2268,51.0,167.0,1.0
2269,232.0,7.0,1.0
2270,440.0,113.0,0.0
2271,823.0,267.0,0.0
2272,258.0,23.0,0.0
2273,48.0,124.0,1.0
2274,468.0,383.0,0.0
2275,428.0,6.0,1.0
2276,420.0,314.0,0.0
2277,860.0,2.0,0.0
2278,246.0,423.0,0.0
2279,827.0,14.0,1.0
2280,2.0,111.0,1.0
2281,178.0,13.0,0.0
2282,306.0,94.0,0.0
2283,572.0,2.0,1.0
2284,691.0,334.0,0.0
2285,192.0,1.0,1.0
2286,874.0,276.0,0.0
2287,841.0,82.0,1.0
2288,5.0,13.0,1.0
2289,773.0,106.0,1.0
2290,76.0,108.0,0.0
2291,883.0,90.0,0.0
2292,255.0,446.0,0.0
2293,643.0,144.0,0.0
2294,799.0,118.0,0.0
2295,598.0,376.0,0.0
2296,458.0,123.0,0.0
2297,248.0,262.0,0.0
2298,44.0,171.0,1.0
2299,558.0,36.0,1.0
2300,236.0,1.0,1.0
2301,762.0,340.0,0.0
2302,291.0,444.0,0.0
2303,34.0,91.0,0.0
2304,41.0,121.0,1.0
2305,406.0,427.0,0.0
2306,51.0,132.0,1.0
2307,363.0,0.0,1.0
2308,173.0,1.0,1.0
2309,628.0,185.0,0.0
2310,537.0,307.0,0.0
2311,48.0,101.0,1.0
2312,353.0,358.0,0.0
2313,13.0,206.0,1.0
2314,89.0,122.0,0.0
2315,49.0,19.0,1.0
2316,768.0,71.0,0.0
2317,24.0,113.0,1.0
2318,322.0,101.0,1.0
2319,296.0,31.0,1.0
2320,387.0,3.0,1.0
2321,737.0,384.0,0.0
2322,109.0,81.0,1.0
2323,58.0,86.0,1.0
2324,117.0,143.0,0.0
2325,229.0,1.0,1.0
2326,2.0,59.0,1.0
2327,403.0,251.0,0.0
2328,185.0,46.0,1.0
2329,828.0,375.0,1.0
2330,676.0,24.0,0.0
2331,139.0,339.0,0.0
2332,36.0,10.0,1.0
2333,210.0,430.0,0.0
2334,43.0,236.0,1.0
2335,155.0,64.0,1.0
2336,518.0,58.0,1.0
2337,0.0,89.0,1.0
2338,308.0,29.0,1.0
2339,21.0,131.0,0.0
2340,888.0,97.0,0.0
2341,68.0,123.0,1.0
2342,236.0,324.0,0.0
2343,174.0,32.0,0.0
2344,143.0,71.0,1.0
2345,165.0,105.0,1.0
2346,636.0,276.0,0.0
2347,82.0,160.0,0.0
2348,149.0,340.0,0.0
2349,801.0,14.0,1.0
2350,330.0,74.0,1.0
2351,315.0,0.0,1.0
2352,143.0,202.0,0.0
2353,145.0,30.0,0.0
2354,402.0,229.0,0.0
2355,253.0,28.0,1.0
2356,271.0,44.0,1.0
2357,44.0,116.0,1.0
2358,733.0,146.0,1.0
2359,691.0,103.0,1.0
2360,347.0,60.0,1.0
2361,684.0,100.0,0.0
2362,393.0,40.0,1.0
2363,684.0,104.0,1.0
2364,877.0,423.0,0.0
2365,2.0,87.0,1.0
2366,605.0,100.0,1.0
2367,73.0,9.0,1.0
2368,96.0,314.0,0.0
2369,408.0,291.0,0.0
2370,37.0,326.0,1.0
2371,418.0,451.0,0.0
2372,204.0,311.0,0.0
2373,182.0,407.0,0.0
2374,226.0,100.0,1.0
2375,144.0,21.0,1.0
2376,397.0,6.0,1.0
2377,260.0,7.0,1.0
2378,267.0,0.0,1.0
2379,55.0,135.0,1.0
2380,455.0,77.0,0.0
2381,1.0,142.0,1.0
2382,410.0,406.0,0.0
2383,102.0,307.0,0.0
2384,117.0,261.0,0.0
2385,388.0,42.0,0.0
2386,584.0,3.0,0.0
2387,582.0,209.0,0.0
2388,11.0,23.0,1.0
2389,106.0,49.0,0.0
2390,575.0,368.0,0.0
2391,248.0,102.0,1.0
2392,286.0,41.0,0.0
2393,669.0,395.0,0.0
2394,358.0,73.0,0.0
2395,503.0,3.0,1.0
2396,248.0,137.0,0.0
2397,73.0,453.0,0.0
2398,2.0,32.0,1.0
2399,287.0,52.0,0.0
2400,44.0,265.0,1.0
2401,766.0,261.0,0.0
2402,506.0,242.0,1.0
2403,258.0,98.0,0.0
2404,4.0,13.0,1.0
2405,127.0,18.0,1.0
2406,255.0,17.0,1.0
2407,695.0,102.0,1.0
2408,296.0,116.0,0.0
2409,516.0,118.0,0.0
2410,642.0,235.0,0.0
2411,48.0,2.0,0.0
2412,491.0,3.0,1.0
2413,523.0,306.0,0.0
2414,160.0,273.0,0.0
2415,92.0,147.0,1.0
2416,110.0,68.0,1.0
2417,720.0,442.0,1.0
2418,289.0,169.0,0.0
2419,294.0,172.0,0.0
2420,390.0,47.0,0.0
2421,34.0,17.0,1.0
2422,620.0,22.0,0.0
2423,96.0,99.0,1.0
2424,117.0,233.0,1.0
2425,422.0,31.0,1.0
2426,55.0,385.0,0.0
2427,523.0,17.0,1.0
2428,813.0,426.0,0.0
2429,326.0,3.0,1.0
2430,838.0,29.0,0.0
2431,614.0,180.0,0.0
2432,692.0,131.0,0.0
2433,190.0,184.0,0.0
2434,90.0,14.0,0.0
2435,43.0,126.0,0.0
2436,411.0,82.0,1.0
2437,282.0,396.0,0.0
2438,192.0,316.0,0.0
2439,432.0,38.0,0.0
2440,434.0,303.0,1.0
2441,617.0,112.0,0.0
2442,418.0,1.0,1.0
2443,753.0,300.0,0.0
2444,267.0,402.0,0.0
2445,711.0,110.0,0.0
2446,881.0,408.0,0.0
2447,395.0,343.0,0.0
2448,371.0,369.0,0.0
2449,238.0,292.0,1.0
2450,140.0,184.0,1.0
2451,56.0,80.0,1.0
2452,358.0,1.0,1.0
2453,175.0,9.0,1.0
2454,396.0,65.0,1.0
2455,696.0,397.0,0.0
2456,264.0,203.0,0.0
2457,1.0,3.0,1.0
2458,463.0,98.0,1.0
2459,206.0,271.0,1.0
2460,278.0,235.0,0.0
2461,713.0,195.0,0.0
2462,475.0,94.0,1.0
2463,300.0,70.0,0.0
2464,53.0,313.0,1.0
2465,197.0,18.0,1.0
2466,371.0,85.0,1.0
2467,58.0,38.0,1.0
2468,23.0,83.0,1.0
2469,74.0,190.0,0.0
2470,77.0,84.0,1.0
2471,706.0,325.0,0.0
2472,664.0,106.0,0.0
2473,4.0,66.0,1.0
2474,442.0,165.0,1.0
2475,804.0,217.0,0.0
2476,261.0,342.0,0.0
2477,141.0,49.0,1.0
2478,271.0,283.0,0.0
2479,673.0,443.0,1.0
2480,200.0,3.0,1.0
2481,386.0,363.0,0.0
2482,0.0,27.0,1.0
2483,1.0,101.0,1.0
2484,608.0,267.0,0.0
2485,5.0,46.0,1.0
2486,261.0,15.0,1.0
2487,782.0,443.0,0.0
2488,10.0,115.0,1.0
2489,189.0,1.0,1.0
2490,572.0,361.0,0.0
2491,200.0,2.0,1.0
2492,153.0,123.0,1.0
2493,8.0,221.0,1.0
2494,280.0,27.0,1.0
2495,332.0,7.0,1.0
2496,512.0,144.0,0.0
2497,149.0,2.0,1.0
2498,245.0,4.0,1.0
2499,225.0,398.0,0.0
2500,3.0,48.0,1.0
2501,879.0,121.0,0.0
2502,85.0,34.0,1.0
2503,441.0,273.0,0.0
2504,644.0,14.0,1.0
2505,159.0,60.0,1.0
2506,635.0,126.0,0.0
2507,115.0,34.0,1.0
2508,17.0,304.0,0.0
2509,601.0,445.0,0.0
2510,351.0,427.0,0.0
2511,372.0,4.0,1.0
2512,466.0,226.0,0.0
2513,836.0,102.0,0.0
2514,69.0,23.0,1.0
2515,228.0,21.0,1.0
2516,169.0,152.0,0.0
2517,221.0,1.0,1.0
2518,455.0,0.0,1.0
2519,1.0,77.0,1.0
2520,40.0,279.0,1.0
2521,2.0,56.0,1.0
2522,311.0,54.0,1.0
2523,146.0,0.0,1.0
2524,178.0,193.0,1.0
2525,377.0,359.0,0.0
2526,818.0,439.0,0.0
2527,179.0,390.0,1.0
2528,23.0,345.0,0.0
2529,20.0,122.0,0.0
2530,18.0,271.0,1.0
2531,64.0,131.0,1.0
2532,811.0,161.0,0.0
2533,104.0,85.0,0.0
2534,603.0,98.0,0.0
2535,432.0,189.0,0.0
2536,468.0,6.0,1.0
2537,341.0,217.0,0.0
2538,570.0,385.0,0.0
2539,513.0,82.0,1.0
2540,447.0,14.0,1.0
2541,561.0,239.0,0.0
2542,42.0,37.0,1.0
2543,848.0,327.0,0.0
2544,406.0,30.0,1.0
2545,84.0,162.0,1.0
2546,638.0,40.0,1.0
2547,164.0,289.0,0.0
2548,370.0,42.0,1.0
2549,200.0,9.0,1.0
2550,655.0,62.0,1.0
2551,490.0,345.0,0.0
2552,758.0,121.0,0.0
2553,699.0,68.0,1.0
2554,291.0,264.0,0.0
2555,709.0,44.0,0.0
2556,275.0,210.0,0.0
2557,403.0,28.0,0.0
2558,537.0,253.0,0.0
2559,135.0,0.0,1.0
2560,199.0,61.0,1.0
2561,862.0,397.0,0.0
2562,388.0,343.0,0.0
2563,39.0,409.0,0.0
2564,575.0,406.0,1.0
2565,816.0,252.0,0.0
2566,104.0,252.0,0.0
2567,181.0,0.0,1.0
2568,454.0,309.0,1.0
2569,680.0,55.0,1.0
2570,14.0,72.0,1.0
2571,117.0,291.0,1.0
2572,547.0,391.0,0.0
2573,178.0,349.0,0.0
2574,147.0,65.0,1.0
2575,6.0,25.0,1.0
2576,131.0,57.0,1.0
2577,34.0,27.0,1.0
2578,215.0,4.0,1.0
2579,829.0,135.0,1.0
2580,17.0,68.0,1.0
2581,15.0,42.0,1.0
2582,507.0,338.0,0.0
2583,356.0,291.0,1.0
2584,641.0,281.0,0.0
2585,242.0,230.0,1.0
2586,237.0,152.0,1.0
2587,54.0,135.0,1.0
2588,268.0,399.0,0.0
2589,48.0,136.0,1.0
2590,762.0,44.0,1.0
2591,762.0,447.0,0.0
2592,477.0,2.0,1.0
2593,313.0,0.0,1.0
2594,64.0,207.0,1.0
2595,245.0,81.0,1.0
2596,28.0,45.0,1.0
2597,53.0,16.0,0.0
2598,419.0,11.0,1.0
2599,2.0,76.0,1.0
2600,62.0,256.0,1.0
2601,803.0,100.0,0.0
2602,9.0,88.0,1.0
2603,204.0,209.0,0.0
2604,421.0,258.0,0.0
2605,352.0,95.0,0.0
2606,202.0,126.0,0.0
2607,270.0,306.0,0.0
2608,8.0,385.0,1.0
2609,636.0,159.0,0.0
2610,178.0,69.0,1.0
2611,157.0,396.0,0.0
2612,120.0,50.0,1.0
2613,131.0,67.0,0.0
2614,295.0,85.0,0.0
2615,509.0,5.0,0.0
2616,477.0,210.0,0.0
2617,148.0,154.0,0.0
2618,837.0,201.0,0.0
2619,594.0,4.0,1.0
2620,191.0,448.0,0.0
2621,454.0,120.0,0.0
2622,687.0,152.0,0.0
2623,847.0,154.0,0.0
2624,0.0,51.0,1.0
2625,262.0,423.0,0.0
2626,724.0,361.0,0.0
2627,392.0,264.0,0.0
2628,142.0,253.0,0.0
2629,37.0,5.0,1.0
2630,777.0,31.0,1.0
2631,304.0,0.0,1.0
2632,20.0,311.0,0.0
2633,397.0,261.0,0.0
2634,474.0,39.0,1.0
2635,93.0,152.0,1.0
2636,7.0,96.0,1.0
2637,429.0,216.0,0.0
2638,418.0,121.0,0.0
2639,767.0,392.0,0.0
2640,65.0,26.0,1.0
2641,880.0,36.0,1.0
2642,504.0,240.0,1.0
2643,49.0,180.0,1.0
2644,519.0,356.0,0.0
2645,29.0,413.0,0.0
2646,118.0,36.0,1.0
2647,299.0,2.0,1.0
2648,457.0,268.0,0.0
2649,891.0,4.0,1.0
2650,437.0,11.0,1.0
2651,795.0,47.0,1.0
2652,815.0,413.0,1.0
2653,220.0,165.0,1.0
2654,891.0,361.0,0.0
2655,141.0,191.0,0.0
2656,516.0,385.0,0.0
2657,818.0,424.0,0.0
2658,197.0,1.0,1.0
2659,229.0,0.0,1.0
2660,4.0,23.0,1.0
2661,52.0,22.0,1.0
2662,842.0,161.0,0.0
2663,456.0,243.0,0.0
2664,302.0,268.0,1.0
2665,552.0,59.0,0.0
2666,650.0,27.0,0.0
2667,273.0,39.0,0.0
2668,3.0,75.0,1.0
2669,24.0,54.0,1.0
2670,171.0,10.0,1.0
2671,789.0,200.0,0.0
2672,869.0,159.0,0.0
2673,53.0,362.0,0.0
2674,432.0,16.0,0.0
2675,223.0,109.0,0.0
2676,27.0,310.0,0.0
2677,436.0,215.0,0.0
2678,10.0,83.0,1.0
2679,291.0,136.0,1.0
2680,14.0,139.0,1.0
2681,608.0,178.0,0.0
2682,583.0,419.0,0.0
2683,5.0,96.0,1.0
2684,6.0,144.0,1.0
2685,409.0,215.0,0.0
2686,397.0,450.0,0.0
2687,8.0,430.0,1.0
2688,258.0,123.0,1.0
2689,884.0,349.0,0.0
2690,168.0,380.0,1.0
2691,484.0,277.0,0.0
2692,734.0,364.0,0.0
2693,38.0,2.0,1.0
2694,453.0,122.0,0.0
2695,136.0,37.0,0.0
2696,558.0,362.0,0.0
2697,649.0,294.0,1.0
2698,54.0,448.0,0.0
2699,300.0,194.0,0.0
2700,341.0,148.0,0.0
2701,375.0,70.0,0.0
2702,639.0,353.0,0.0
2703,505.0,161.0,0.0
2704,66.0,62.0,1.0
2705,519.0,97.0,1.0
2706,65.0,1.0,0.0
2707,151.0,237.0,0.0
2708,293.0,105.0,0.0
2709,303.0,7.0,1.0
2710,870.0,338.0,0.0
2711,422.0,8.0,0.0
2712,850.0,90.0,1.0
2713,134.0,235.0,0.0
2714,408.0,0.0,1.0
2715,367.0,316.0,0.0
2716,328.0,378.0,0.0
2717,19.0,53.0,1.0
2718,664.0,1.0,1.0
2719,171.0,122.0,0.0
2720,765.0,66.0,1.0
2721,21.0,143.0,1.0
2722,65.0,178.0,1.0
2723,403.0,3.0,1.0
2724,176.0,24.0,0.0
2725,0.0,154.0,1.0
2726,7.0,12.0,1.0
2727,15.0,424.0,0.0
2728,152.0,2.0,0.0
2729,59.0,153.0,1.0
2730,40.0,5.0,1.0
2731,214.0,44.0,1.0
2732,2.0,19.0,1.0
2733,311.0,402.0,1.0
2734,348.0,85.0,1.0
2735,14.0,127.0,1.0
2736,32.0,265.0,0.0
2737,424.0,402.0,0.0
2738,62.0,39.0,1.0
2739,366.0,281.0,1.0
2740,659.0,88.0,0.0
2741,160.0,0.0,1.0
2742,718.0,360.0,0.0
2743,8.0,138.0,1.0
2744,588.0,347.0,0.0
2745,1.0,61.0,1.0
2746,468.0,294.0,0.0
2747,343.0,323.0,1.0
2748,758.0,14.0,1.0
2749,27.0,196.0,0.0
2750,266.0,314.0,0.0
2751,0.0,2.0,1.0
2752,610.0,6.0,1.0
2753,389.0,8.0,1.0
2754,254.0,134.0,0.0
2755,631.0,127.0,0.0
2756,394.0,0.0,1.0
2757,437.0,15.0,1.0
2758,1.0,6.0,1.0
2759,342.0,75.0,0.0
2760,861.0,117.0,1.0
2761,468.0,2.0,1.0
2762,136.0,70.0,0.0
2763,404.0,36.0,1.0
2764,160.0,322.0,0.0
2765,204.0,427.0,0.0
2766,30.0,153.0,1.0
2767,879.0,350.0,0.0
2768,797.0,402.0,0.0
2769,718.0,66.0,0.0
2770,2.0,156.0,1.0
2771,47.0,115.0,1.0
2772,80.0,100.0,1.0
2773,45.0,340.0,0.0
2774,310.0,187.0,1.0
2775,773.0,13.0,0.0
2776,58.0,104.0,1.0
2777,123.0,26.0,1.0
2778,138.0,400.0,1.0
2779,576.0,90.0,1.0
2780,364.0,228.0,0.0
2781,99.0,136.0,1.0
2782,41.0,406.0,0.0
2783,349.0,312.0,1.0
2784,439.0,134.0,0.0
2785,10.0,120.0,1.0
2786,7.0,24.0,1.0
2787,342.0,5.0,1.0
2788,506.0,75.0,0.0
2789,632.0,84.0,1.0
2790,179.0,205.0,0.0
2791,10.0,139.0,1.0
2792,342.0,433.0,0.0
2793,277.0,147.0,1.0
2794,149.0,408.0,0.0
2795,820.0,38.0,0.0
2796,49.0,129.0,1.0
2797,527.0,113.0,0.0
2798,493.0,204.0,0.0
2799,713.0,232.0,0.0
2800,1.0,125.0,1.0
2801,318.0,276.0,0.0
2802,196.0,151.0,0.0
2803,811.0,407.0,0.0
2804,72.0,356.0,1.0
2805,98.0,426.0,1.0
2806,820.0,453.0,0.0
2807,156.0,20.0,1.0
2808,32.0,345.0,0.0
2809,360.0,4.0,0.0
2810,873.0,117.0,1.0
2811,815.0,1.0,0.0
2812,664.0,420.0,0.0
2813,450.0,151.0,1.0
2814,298.0,22.0,1.0
2815,218.0,34.0,1.0
2816,1.0,63.0,1.0
2817,9.0,68.0,1.0
2818,805.0,72.0,1.0
2819,656.0,206.0,0.0
2820,785.0,56.0,0.0
2821,119.0,36.0,1.0
2822,279.0,222.0,0.0
2823,735.0,283.0,0.0
2824,78.0,49.0,0.0
2825,227.0,10.0,1.0
2826,249.0,2.0,1.0
2827,363.0,48.0,0.0
2828,655.0,338.0,0.0
2829,557.0,129.0,0.0
2830,366.0,266.0,0.0
2831,661.0,297.0,0.0
2832,725.0,177.0,0.0
2833,25.0,48.0,1.0
2834,864.0,177.0,0.0
2835,825.0,8.0,1.0
2836,274.0,43.0,1.0
2837,27.0,273.0,1.0
2838,107.0,222.0,1.0
2839,177.0,305.0,0.0
2840,98.0,361.0,1.0
2841,709.0,9.0,1.0
2842,55.0,4.0,1.0
2843,1.0,134.0,1.0
2844,340.0,429.0,0.0
2845,216.0,349.0,0.0
2846,124.0,57.0,0.0
2847,580.0,447.0,1.0
2848,26.0,17.0,1.0
2849,638.0,244.0,0.0
2850,11.0,5.0,1.0
2851,298.0,20.0,1.0
2852,152.0,179.0,1.0
2853,369.0,336.0,1.0
2854,842.0,35.0,1.0
2855,842.0,273.0,0.0
2856,309.0,9.0,1.0
2857,18.0,168.0,1.0
2858,265.0,40.0,1.0
2859,26.0,16.0,1.0
2860,1.0,5.0,1.0
2861,190.0,137.0,1.0
2862,8.0,209.0,1.0
2863,351.0,124.0,0.0
2864,15.0,249.0,1.0
2865,96.0,226.0,1.0
2866,791.0,243.0,0.0
2867,134.0,168.0,1.0
2868,338.0,37.0,0.0
2869,366.0,394.0,1.0
2870,345.0,283.0,0.0
2871,387.0,170.0,0.0
2872,6.0,5.0,1.0
2873,117.0,405.0,1.0
2874,442.0,133.0,0.0
2875,602.0,155.0,0.0
2876,2.0,75.0,1.0
2877,77.0,85.0,1.0
2878,4.0,25.0,1.0
2879,573.0,434.0,0.0
2880,670.0,92.0,0.0
2881,642.0,30.0,0.0
2882,510.0,1.0,1.0
2883,490.0,2.0,1.0
2884,129.0,2.0,1.0
2885,380.0,118.0,0.0
2886,471.0,2.0,1.0
2887,892.0,153.0,0.0
2888,508.0,100.0,1.0
2889,7.0,48.0,1.0
2890,804.0,31.0,0.0
2891,565.0,24.0,1.0
2892,391.0,30.0,0.0
2893,24.0,35.0,0.0
2894,375.0,337.0,0.0
2895,522.0,394.0,0.0
2896,746.0,377.0,0.0
2897,8.0,214.0,1.0
2898,757.0,25.0,1.0
2899,321.0,26.0,1.0
2900,0.0,294.0,1.0
2901,1.0,197.0,1.0
2902,813.0,99.0,0.0
2903,52.0,12.0,1.0
2904,714.0,335.0,0.0
2905,458.0,433.0,1.0
2906,410.0,291.0,0.0
2907,730.0,198.0,0.0
2908,57.0,360.0,0.0
2909,639.0,164.0,1.0
2910,67.0,395.0,0.0
2911,479.0,293.0,0.0
2912,769.0,410.0,0.0
2913,647.0,118.0,0.0
2914,449.0,403.0,0.0
2915,64.0,0.0,1.0
2916,257.0,134.0,0.0
2917,76.0,80.0,0.0
2918,646.0,39.0,0.0
2919,12.0,303.0,0.0
2920,65.0,65.0,1.0
2921,380.0,56.0,1.0
2922,752.0,363.0,0.0
2923,16.0,243.0,1.0
2924,209.0,181.0,1.0
2925,7.0,75.0,1.0
2926,794.0,300.0,1.0
2927,554.0,47.0,0.0
2928,234.0,222.0,0.0
2929,202.0,211.0,0.0
2930,602.0,15.0,1.0
2931,499.0,50.0,0.0
2932,208.0,12.0,0.0
2933,453.0,0.0,1.0
2934,553.0,30.0,1.0
2935,19.0,88.0,1.0
2936,349.0,186.0,0.0
2937,84.0,258.0,0.0
2938,724.0,434.0,0.0
2939,122.0,53.0,0.0
2940,90.0,123.0,1.0
2941,137.0,235.0,1.0
2942,414.0,310.0,0.0
2943,783.0,123.0,0.0
2944,487.0,403.0,0.0
2945,29.0,45.0,1.0
2946,719.0,87.0,0.0
2947,630.0,405.0,0.0
2948,854.0,299.0,0.0
2949,536.0,98.0,0.0
2950,443.0,223.0,0.0
2951,180.0,227.0,1.0
2952,0.0,119.0,1.0
2953,145.0,148.0,0.0
2954,485.0,204.0,0.0
2955,536.0,43.0,0.0
2956,44.0,264.0,1.0
2957,508.0,180.0,0.0
2958,3.0,24.0,1.0
2959,66.0,5.0,1.0
2960,526.0,374.0,0.0
2961,865.0,14.0,1.0
2962,206.0,62.0,1.0
2963,440.0,2.0,1.0
2964,59.0,20.0,1.0
2965,74.0,8.0,1.0
2966,391.0,192.0,1.0
2967,163.0,2.0,1.0
2968,91.0,53.0,0.0
2969,522.0,2.0,1.0
2970,8.0,343.0,1.0
2971,645.0,235.0,0.0
2972,135.0,104.0,1.0
2973,635.0,327.0,0.0
2974,43.0,19.0,0.0
2975,391.0,410.0,0.0
2976,2.0,33.0,1.0
2977,57.0,57.0,1.0
2978,486.0,143.0,0.0
2979,800.0,27.0,1.0
2980,364.0,177.0,0.0
2981,176.0,169.0,1.0
2982,649.0,75.0,0.0
2983,414.0,102.0,1.0
2984,711.0,433.0,0.0
2985,59.0,8.0,1.0
2986,63.0,64.0,1.0
2987,150.0,360.0,0.0
2988,624.0,8.0,1.0
2989,348.0,134.0,0.0
2990,112.0,265.0,1.0
2991,695.0,336.0,0.0
2992,119.0,122.0,0.0
2993,148.0,196.0,1.0
2994,52.0,427.0,0.0
2995,111.0,8.0,1.0
2996,130.0,190.0,1.0
2997,81.0,193.0,0.0
2998,17.0,83.0,1.0
2999,3.0,51.0,1.0
3000,60.0,158.0,1.0
3001,115.0,30.0,0.0
3002,252.0,267.0,0.0
3003,698.0,324.0,0.0
3004,659.0,354.0,0.0
3005,638.0,86.0,0.0
3006,510.0,0.0,1.0
3007,889.0,246.0,0.0
3008,122.0,16.0,1.0
3009,167.0,11.0,1.0
3010,6.0,198.0,1.0
3011,169.0,32.0,1.0
3012,46.0,129.0,0.0
3013,242.0,84.0,0.0
3014,427.0,437.0,0.0
3015,654.0,405.0,0.0
3016,261.0,136.0,1.0
3017,378.0,280.0,1.0
3018,541.0,404.0,0.0
3019,343.0,75.0,0.0
3020,487.0,379.0,0.0
3021,196.0,28.0,1.0
3022,738.0,270.0,0.0
3023,27.0,218.0,1.0
3024,2.0,24.0,1.0
3025,3.0,91.0,1.0
3026,145.0,444.0,1.0
3027,253.0,21.0,1.0
3028,227.0,53.0,1.0
3029,730.0,30.0,1.0
3030,224.0,11.0,1.0
3031,597.0,9.0,0.0
3032,282.0,220.0,0.0
3033,180.0,57.0,1.0
3034,57.0,118.0,1.0
3035,415.0,199.0,1.0
3036,143.0,80.0,1.0
3037,259.0,178.0,1.0
3038,171.0,200.0,0.0
3039,766.0,226.0,0.0
3040,5.0,91.0,1.0
3041,217.0,104.0,1.0
3042,175.0,148.0,0.0
3043,252.0,255.0,0.0
3044,622.0,302.0,0.0
3045,161.0,443.0,0.0
3046,6.0,125.0,1.0
3047,388.0,90.0,1.0
3048,520.0,60.0,0.0
3049,111.0,20.0,1.0
3050,127.0,331.0,0.0
3051,114.0,283.0,0.0
3052,230.0,3.0,1.0
3053,426.0,397.0,0.0
3054,0.0,66.0,1.0
3055,0.0,10.0,1.0
3056,371.0,407.0,0.0
3057,138.0,116.0,1.0
3058,86.0,366.0,0.0
3059,531.0,380.0,0.0
3060,4.0,63.0,1.0
3061,0.0,270.0,1.0
3062,14.0,4.0,1.0
3063,530.0,102.0,1.0
3064,702.0,12.0,1.0
3065,882.0,34.0,0.0
3066,120.0,332.0,0.0
3067,495.0,106.0,0.0
3068,350.0,17.0,1.0
3069,322.0,6.0,1.0
3070,130.0,423.0,1.0
3071,735.0,245.0,0.0
3072,6.0,109.0,1.0
3073,876.0,138.0,0.0
3074,588.0,78.0,1.0
3075,338.0,8.0,1.0
3076,92.0,163.0,0.0
3077,772.0,405.0,0.0
3078,284.0,368.0,0.0
3079,292.0,9.0,1.0
3080,125.0,270.0,0.0
3081,81.0,8.0,1.0
3082,210.0,179.0,1.0
3083,106.0,15.0,1.0
3084,74.0,295.0,0.0
3085,39.0,325.0,1.0
3086,821.0,393.0,0.0
3087,710.0,423.0,0.0
3088,153.0,38.0,1.0
3089,869.0,276.0,0.0
3090,101.0,134.0,0.0
3091,872.0,421.0,0.0
3092,62.0,445.0,0.0
3093,638.0,400.0,0.0
3094,496.0,56.0,1.0
3095,273.0,18.0,1.0
3096,499.0,385.0,0.0
3097,819.0,416.0,0.0
3098,631.0,140.0,0.0
3099,221.0,38.0,1.0
3100,5.0,111.0,1.0
3101,788.0,128.0,0.0
3102,121.0,88.0,1.0
3103,49.0,388.0,0.0
3104,99.0,250.0,0.0
3105,383.0,36.0,1.0
3106,477.0,6.0,1.0
3107,406.0,386.0,0.0
3108,244.0,453.0,0.0
3109,699.0,428.0,0.0
3110,826.0,298.0,1.0
3111,750.0,116.0,1.0
3112,502.0,140.0,0.0
3113,643.0,192.0,0.0
3114,11.0,4.0,1.0
3115,203.0,4.0,0.0
3116,689.0,7.0,1.0
3117,1.0,27.0,1.0
3118,15.0,153.0,1.0
3119,101.0,18.0,1.0
3120,807.0,221.0,0.0
3121,675.0,213.0,0.0
3122,187.0,3.0,1.0
3123,181.0,93.0,1.0
3124,415.0,271.0,0.0
3125,509.0,6.0,1.0
3126,168.0,1.0,0.0
3127,333.0,14.0,1.0
3128,844.0,55.0,1.0
3129,109.0,4.0,1.0
3130,743.0,283.0,0.0
3131,800.0,324.0,0.0
3132,18.0,344.0,0.0
3133,1.0,68.0,0.0
3134,170.0,18.0,0.0
3135,399.0,347.0,0.0
3136,511.0,264.0,0.0
3137,361.0,0.0,1.0
3138,666.0,2.0,0.0
3139,838.0,72.0,0.0
3140,140.0,40.0,1.0
3141,562.0,340.0,0.0
3142,126.0,101.0,1.0
3143,36.0,13.0,1.0
3144,216.0,90.0,0.0
3145,149.0,9.0,1.0
3146,180.0,116.0,0.0
3147,303.0,176.0,0.0
3148,566.0,258.0,0.0
3149,440.0,352.0,0.0
3150,115.0,66.0,1.0
3151,1.0,43.0,1.0
3152,99.0,200.0,1.0
3153,513.0,253.0,0.0
3154,446.0,6.0,1.0
3155,42.0,281.0,0.0
3156,824.0,296.0,0.0
3157,303.0,184.0,0.0
3158,520.0,89.0,0.0
3159,11.0,287.0,0.0
3160,16.0,229.0,1.0
3161,33.0,84.0,1.0
3162,34.0,13.0,1.0
3163,380.0,388.0,0.0
3164,12.0,68.0,1.0
3165,1.0,33.0,1.0
3166,310.0,21.0,1.0
3167,221.0,138.0,0.0
3168,501.0,338.0,0.0
3169,2.0,13.0,1.0
3170,207.0,7.0,0.0
3171,566.0,236.0,0.0
3172,179.0,301.0,0.0
3173,306.0,414.0,0.0
3174,10.0,53.0,1.0
3175,408.0,1.0,1.0
3176,40.0,178.0,0.0
3177,594.0,256.0,0.0
3178,30.0,32.0,1.0
3179,121.0,13.0,1.0
3180,271.0,3.0,1.0
3181,48.0,165.0,1.0
3182,218.0,317.0,0.0
3183,575.0,329.0,0.0
3184,690.0,44.0,1.0
3185,376.0,291.0,0.0
3186,52.0,8.0,1.0
3187,363.0,61.0,0.0
3188,119.0,0.0,1.0
3189,82.0,39.0,1.0
3190,44.0,323.0,0.0
3191,96.0,40.0,1.0
3192,391.0,42.0,0.0
3193,60.0,256.0,0.0
3194,105.0,257.0,0.0
3195,4.0,112.0,1.0
3196,203.0,293.0,0.0
3197,737.0,21.0,0.0
3198,73.0,178.0,0.0
3199,371.0,82.0,0.0
3200,834.0,72.0,0.0
3201,400.0,284.0,0.0
3202,93.0,138.0,0.0
3203,255.0,114.0,0.0
3204,890.0,437.0,0.0
3205,248.0,54.0,0.0
3206,431.0,3.0,1.0
3207,151.0,143.0,0.0
3208,886.0,74.0,1.0
3209,555.0,69.0,1.0
3210,335.0,253.0,0.0
3211,224.0,125.0,1.0
3212,303.0,73.0,1.0
3213,478.0,319.0,0.0
3214,264.0,96.0,0.0
3215,264.0,1.0,1.0
3216,40.0,414.0,0.0
3217,84.0,212.0,0.0
3218,451.0,0.0,1.0
3219,261.0,96.0,0.0
3220,360.0,367.0,0.0
3221,56.0,57.0,0.0
3222,269.0,20.0,1.0
3223,195.0,46.0,1.0
3224,488.0,62.0,1.0
3225,8.0,188.0,1.0
3226,275.0,249.0,0.0
3227,470.0,267.0,0.0
3228,19.0,83.0,1.0
3229,389.0,44.0,1.0
3230,709.0,310.0,0.0
3231,372.0,408.0,0.0
3232,436.0,288.0,0.0
3233,18.0,13.0,1.0
3234,1.0,12.0,1.0
3235,135.0,1.0,1.0
3236,428.0,358.0,0.0
3237,86.0,79.0,1.0
3238,623.0,425.0,0.0
3239,83.0,322.0,0.0
3240,654.0,438.0,0.0
3241,104.0,244.0,0.0
3242,4.0,10.0,1.0
3243,298.0,142.0,0.0
3244,5.0,89.0,1.0
3245,781.0,360.0,0.0
3246,642.0,219.0,0.0
3247,246.0,408.0,0.0
3248,770.0,219.0,0.0
3249,140.0,425.0,0.0
3250,628.0,353.0,0.0
3251,386.0,264.0,0.0
3252,576.0,228.0,0.0
3253,706.0,170.0,0.0
3254,544.0,191.0,0.0
3255,852.0,233.0,0.0
3256,258.0,0.0,1.0
3257,7.0,13.0,1.0
3258,259.0,296.0,1.0
3259,309.0,73.0,0.0
3260,425.0,370.0,0.0
3261,12.0,16.0,1.0
3262,273.0,1.0,1.0
3263,177.0,350.0,0.0
3264,768.0,361.0,0.0
3265,452.0,202.0,0.0
3266,21.0,220.0,0.0
3267,397.0,419.0,0.0
3268,598.0,177.0,1.0
3269,681.0,200.0,0.0
3270,751.0,78.0,1.0
3271,559.0,29.0,0.0
3272,601.0,166.0,1.0
3273,703.0,362.0,0.0
3274,49.0,342.0,1.0
3275,296.0,290.0,1.0
3276,4.0,42.0,1.0
3277,378.0,365.0,0.0
3278,119.0,123.0,1.0
3279,218.0,88.0,0.0
3280,147.0,136.0,0.0
3281,486.0,227.0,0.0
3282,813.0,272.0,0.0
3283,402.0,6.0,1.0
3284,594.0,170.0,0.0
3285,679.0,2.0,1.0
3286,23.0,284.0,0.0
3287,53.0,243.0,1.0
3288,409.0,184.0,0.0
3289,587.0,389.0,0.0
3290,100.0,401.0,1.0
3291,14.0,21.0,0.0
3292,238.0,264.0,1.0
3293,745.0,180.0,0.0
3294,285.0,48.0,0.0
3295,160.0,18.0,1.0
3296,51.0,38.0,0.0
3297,7.0,3.0,1.0
3298,367.0,370.0,0.0
3299,497.0,151.0,1.0
3300,13.0,391.0,0.0
3301,314.0,106.0,1.0
3302,421.0,394.0,0.0
3303,717.0,207.0,0.0
3304,422.0,70.0,0.0
3305,620.0,60.0,1.0
3306,102.0,42.0,1.0
3307,265.0,207.0,0.0
3308,527.0,147.0,0.0
3309,289.0,396.0,0.0
3310,14.0,128.0,1.0
3311,345.0,335.0,0.0
3312,730.0,68.0,0.0
3313,636.0,94.0,1.0
3314,374.0,334.0,0.0
3315,6.0,224.0,1.0
3316,787.0,62.0,1.0
3317,120.0,26.0,1.0
3318,613.0,443.0,0.0
3319,61.0,97.0,1.0
3320,743.0,364.0,0.0
3321,72.0,255.0,0.0
3322,109.0,404.0,0.0
3323,511.0,18.0,1.0
3324,651.0,433.0,0.0
3325,583.0,1.0,1.0
3326,19.0,27.0,1.0
3327,2.0,25.0,1.0
3328,4.0,33.0,1.0
3329,66.0,322.0,0.0
3330,442.0,283.0,1.0
3331,290.0,3.0,1.0
3332,97.0,86.0,1.0
3333,276.0,335.0,0.0
3334,351.0,15.0,1.0
3335,112.0,7.0,1.0
3336,698.0,33.0,1.0
3337,0.0,170.0,1.0
3338,236.0,83.0,0.0
3339,849.0,337.0,0.0
3340,552.0,289.0,0.0
3341,772.0,211.0,0.0
3342,456.0,268.0,0.0
3343,172.0,320.0,1.0
3344,136.0,22.0,1.0
3345,612.0,8.0,1.0
3346,836.0,258.0,0.0
3347,188.0,2.0,1.0
3348,746.0,222.0,1.0
3349,167.0,44.0,0.0
3350,837.0,3.0,1.0
3351,104.0,49.0,1.0
3352,744.0,1.0,1.0
3353,727.0,407.0,0.0
3354,110.0,16.0,1.0
3355,305.0,421.0,0.0
3356,377.0,3.0,0.0
3357,69.0,46.0,1.0
3358,3.0,11.0,1.0
3359,290.0,83.0,0.0
3360,57.0,67.0,1.0
3361,469.0,322.0,0.0
3362,71.0,7.0,1.0
3363,140.0,226.0,0.0
3364,6.0,202.0,1.0
3365,754.0,2.0,0.0
3366,27.0,184.0,1.0
3367,774.0,72.0,0.0
3368,52.0,32.0,1.0
3369,585.0,157.0,0.0
3370,207.0,97.0,1.0
3371,618.0,1.0,1.0
3372,638.0,369.0,0.0
3373,472.0,89.0,0.0
3374,419.0,204.0,1.0
3375,399.0,105.0,0.0
3376,74.0,258.0,0.0
3377,834.0,398.0,0.0
3378,798.0,31.0,0.0
3379,0.0,312.0,0.0
3380,576.0,222.0,0.0
3381,778.0,453.0,0.0
3382,236.0,73.0,0.0
3383,465.0,0.0,0.0
3384,511.0,225.0,0.0
3385,819.0,123.0,0.0
3386,78.0,25.0,1.0
3387,13.0,25.0,1.0
3388,268.0,321.0,0.0
3389,145.0,319.0,1.0
3390,102.0,22.0,1.0
3391,213.0,73.0,1.0
3392,113.0,11.0,0.0
3393,639.0,262.0,0.0
3394,0.0,73.0,0.0
3395,8.0,228.0,1.0
3396,308.0,28.0,1.0
3397,70.0,86.0,1.0
3398,571.0,306.0,1.0
3399,733.0,316.0,0.0
3400,388.0,258.0,0.0
3401,291.0,194.0,1.0
3402,316.0,365.0,0.0
3403,585.0,125.0,0.0
3404,154.0,237.0,1.0
3405,211.0,393.0,0.0
3406,372.0,85.0,1.0
3407,685.0,173.0,1.0
3408,203.0,10.0,1.0
3409,35.0,167.0,1.0
3410,453.0,169.0,0.0
3411,615.0,299.0,0.0
3412,156.0,8.0,1.0
3413,849.0,48.0,0.0
3414,356.0,233.0,1.0
3415,17.0,120.0,1.0
3416,723.0,124.0,1.0
3417,441.0,22.0,0.0
3418,4.0,119.0,1.0
3419,316.0,118.0,1.0
3420,156.0,426.0,0.0
3421,839.0,232.0,1.0
3422,6.0,24.0,1.0
3423,229.0,31.0,1.0
3424,341.0,5.0,1.0
3425,459.0,2.0,1.0
3426,6.0,250.0,1.0
3427,157.0,60.0,1.0
3428,51.0,302.0,0.0
3429,350.0,277.0,0.0
3430,33.0,164.0,0.0
3431,25.0,134.0,1.0
3432,369.0,76.0,1.0
3433,514.0,67.0,1.0
3434,95.0,339.0,0.0
3435,174.0,20.0,1.0
3436,101.0,0.0,1.0
3437,87.0,21.0,0.0
3438,82.0,408.0,0.0
3439,850.0,422.0,0.0
3440,422.0,208.0,0.0
3441,11.0,10.0,1.0
3442,539.0,103.0,1.0
3443,66.0,4.0,1.0
3444,18.0,0.0,0.0
3445,661.0,7.0,1.0
3446,3.0,260.0,0.0
3447,583.0,303.0,0.0
3448,510.0,256.0,0.0
3449,289.0,148.0,0.0
3450,26.0,13.0,1.0
3451,76.0,92.0,1.0
3452,518.0,412.0,0.0
3453,746.0,358.0,0.0
3454,51.0,163.0,1.0
3455,615.0,264.0,0.0
3456,9.0,116.0,0.0
3457,328.0,333.0,0.0
3458,33.0,49.0,1.0
3459,114.0,266.0,0.0
3460,0.0,144.0,1.0
3461,139.0,10.0,1.0
3462,109.0,129.0,1.0
3463,49.0,329.0,0.0
3464,14.0,259.0,1.0
3465,75.0,124.0,1.0
3466,445.0,308.0,0.0
3467,687.0,14.0,1.0
3468,99.0,138.0,1.0
3469,93.0,352.0,0.0
3470,535.0,102.0,1.0
3471,271.0,135.0,0.0
3472,147.0,269.0,0.0
3473,426.0,160.0,0.0
3474,463.0,246.0,0.0
3475,127.0,105.0,1.0
3476,115.0,147.0,1.0
3477,90.0,38.0,1.0
3478,385.0,1.0,1.0
3479,7.0,51.0,1.0
3480,3.0,2.0,1.0
3481,620.0,248.0,0.0
3482,387.0,437.0,0.0
3483,82.0,37.0,0.0
3484,92.0,135.0,0.0
3485,475.0,304.0,1.0
3486,252.0,79.0,1.0
3487,556.0,232.0,1.0
3488,25.0,359.0,0.0
3489,38.0,210.0,1.0
3490,340.0,26.0,1.0
3491,398.0,450.0,0.0
3492,5.0,2.0,1.0
3493,628.0,54.0,0.0
3494,793.0,30.0,0.0
3495,22.0,92.0,1.0
3496,23.0,27.0,1.0
3497,91.0,231.0,0.0
3498,0.0,77.0,1.0
3499,320.0,314.0,0.0
3500,718.0,19.0,0.0
3501,420.0,194.0,0.0
3502,73.0,198.0,1.0
3503,654.0,177.0,1.0
3504,497.0,139.0,0.0
3505,126.0,25.0,0.0
3506,127.0,198.0,0.0
3507,694.0,375.0,0.0
3508,250.0,9.0,1.0
3509,496.0,106.0,1.0
3510,145.0,403.0,0.0
3511,799.0,422.0,0.0
3512,26.0,5.0,1.0
3513,465.0,26.0,1.0
3514,803.0,209.0,0.0
3515,304.0,295.0,0.0
3516,478.0,123.0,1.0
3517,107.0,325.0,0.0
3518,18.0,17.0,1.0
3519,578.0,49.0,0.0
3520,690.0,260.0,0.0
3521,421.0,197.0,0.0
3522,256.0,54.0,1.0
3523,289.0,21.0,1.0
3524,35.0,157.0,1.0
3525,457.0,263.0,0.0
3526,782.0,301.0,0.0
3527,212.0,8.0,1.0
3528,393.0,184.0,1.0
3529,106.0,48.0,1.0
3530,364.0,7.0,1.0
3531,585.0,95.0,0.0
3532,3.0,87.0,1.0
3533,71.0,307.0,0.0
3534,423.0,2.0,1.0
3535,18.0,115.0,1.0
3536,384.0,403.0,0.0
3537,886.0,164.0,0.0
3538,137.0,7.0,1.0
3539,4.0,142.0,1.0
3540,888.0,121.0,0.0
3541,275.0,2.0,1.0
3542,166.0,28.0,1.0
3543,410.0,299.0,0.0
3544,451.0,31.0,1.0
3545,798.0,18.0,0.0
3546,355.0,192.0,0.0
3547,356.0,354.0,0.0
3548,68.0,80.0,0.0
3549,49.0,5.0,1.0
3550,246.0,42.0,0.0
3551,74.0,42.0,1.0
3552,458.0,84.0,0.0
3553,344.0,316.0,0.0
3554,590.0,170.0,0.0
3555,332.0,356.0,0.0
3556,608.0,54.0,0.0
3557,147.0,50.0,1.0
3558,481.0,297.0,1.0
3559,430.0,112.0,0.0
3560,53.0,364.0,0.0
3561,60.0,109.0,1.0
3562,577.0,282.0,0.0
3563,568.0,170.0,0.0
3564,428.0,287.0,0.0
3565,260.0,231.0,0.0
3566,1.0,112.0,1.0
3567,28.0,366.0,1.0
3568,42.0,66.0,0.0
3569,480.0,392.0,0.0
3570,732.0,190.0,0.0
3571,453.0,281.0,0.0
3572,513.0,410.0,0.0
3573,552.0,15.0,1.0
3574,262.0,103.0,0.0
3575,388.0,351.0,1.0
3576,868.0,232.0,0.0
3577,227.0,256.0,0.0
3578,155.0,382.0,0.0
3579,863.0,87.0,0.0
3580,4.0,87.0,1.0
3581,125.0,6.0,1.0
3582,297.0,28.0,1.0
3583,661.0,414.0,0.0
3584,24.0,299.0,1.0
3585,77.0,4.0,1.0
3586,50.0,263.0,1.0
3587,112.0,101.0,0.0
3588,307.0,56.0,1.0
3589,400.0,17.0,0.0
3590,249.0,9.0,1.0
3591,835.0,177.0,0.0
3592,13.0,89.0,1.0
3593,470.0,306.0,0.0
3594,777.0,77.0,0.0
3595,4.0,69.0,1.0
3596,172.0,77.0,0.0
3597,3.0,76.0,1.0
3598,256.0,375.0,0.0
3599,405.0,14.0,1.0
3600,666.0,105.0,0.0
3601,614.0,8.0,1.0
3602,74.0,32.0,1.0
3603,1.0,202.0,1.0
3604,24.0,195.0,1.0
3605,25.0,77.0,1.0
3606,860.0,55.0,0.0
3607,5.0,3.0,1.0
3608,134.0,58.0,1.0
3609,872.0,355.0,1.0
3610,692.0,294.0,0.0
3611,122.0,451.0,0.0
3612,690.0,125.0,0.0
3613,534.0,72.0,1.0
3614,360.0,385.0,0.0
3615,863.0,22.0,0.0
3616,8.0,84.0,0.0
3617,383.0,241.0,0.0
3618,555.0,188.0,0.0
3619,104.0,58.0,1.0
3620,288.0,291.0,0.0
3621,5.0,112.0,1.0
3622,830.0,280.0,0.0
3623,72.0,416.0,1.0
3624,13.0,160.0,1.0
3625,292.0,2.0,1.0
3626,112.0,212.0,0.0
3627,6.0,450.0,1.0
3628,139.0,158.0,1.0
3629,214.0,31.0,1.0
3630,186.0,183.0,1.0
3631,372.0,54.0,0.0
3632,622.0,15.0,1.0
3633,0.0,189.0,1.0
3634,157.0,244.0,0.0
3635,468.0,158.0,0.0
3636,336.0,232.0,0.0
3637,708.0,179.0,0.0
3638,278.0,333.0,0.0
3639,412.0,243.0,0.0
3640,12.0,19.0,1.0
3641,286.0,52.0,1.0
3642,424.0,12.0,1.0
3643,30.0,56.0,1.0
3644,783.0,23.0,0.0
3645,70.0,80.0,1.0
3646,94.0,67.0,1.0
3647,754.0,295.0,0.0
3648,147.0,302.0,0.0
3649,332.0,187.0,0.0
3650,467.0,1.0,1.0
3651,517.0,41.0,1.0
3652,314.0,56.0,1.0
3653,167.0,241.0,1.0
3654,504.0,191.0,1.0
3655,501.0,397.0,0.0
3656,833.0,190.0,1.0
3657,461.0,311.0,0.0
3658,41.0,167.0,1.0
3659,333.0,352.0,0.0
3660,304.0,93.0,1.0
3661,721.0,257.0,0.0
3662,529.0,148.0,1.0
3663,318.0,82.0,1.0
3664,224.0,426.0,0.0
3665,721.0,33.0,1.0
3666,633.0,86.0,0.0
3667,338.0,275.0,0.0
3668,5.0,291.0,0.0
3669,244.0,117.0,0.0
3670,254.0,397.0,0.0
3671,573.0,240.0,0.0
3672,222.0,21.0,0.0
3673,166.0,266.0,0.0
3674,164.0,35.0,1.0
3675,297.0,160.0,0.0
3676,287.0,95.0,1.0
3677,147.0,149.0,0.0
3678,862.0,234.0,0.0
3679,305.0,38.0,0.0
3680,140.0,103.0,0.0
3681,365.0,96.0,0.0
3682,173.0,73.0,0.0
3683,511.0,407.0,0.0
3684,370.0,181.0,1.0
3685,824.0,119.0,0.0
3686,632.0,452.0,0.0
3687,261.0,326.0,0.0
3688,493.0,118.0,1.0
3689,761.0,14.0,1.0
3690,386.0,85.0,1.0
3691,525.0,10.0,1.0
3692,292.0,3.0,1.0
3693,515.0,54.0,1.0
3694,485.0,334.0,0.0
3695,855.0,403.0,1.0
3696,65.0,180.0,0.0
3697,300.0,3.0,1.0
3698,524.0,166.0,0.0
3699,38.0,286.0,1.0
3700,472.0,55.0,0.0
3701,64.0,18.0,1.0
3702,105.0,220.0,0.0
3703,10.0,13.0,1.0
3704,2.0,133.0,1.0
3705,177.0,271.0,0.0
3706,503.0,120.0,0.0
3707,39.0,222.0,1.0
3708,8.0,449.0,1.0
3709,3.0,114.0,1.0
3710,101.0,154.0,0.0
3711,357.0,1.0,1.0
3712,356.0,47.0,0.0
3713,63.0,70.0,1.0
3714,16.0,31.0,0.0
3715,470.0,26.0,1.0
3716,289.0,29.0,1.0
3717,355.0,211.0,1.0
3718,105.0,166.0,1.0
3719,485.0,422.0,0.0
3720,768.0,435.0,0.0
3721,146.0,18.0,1.0
3722,2.0,197.0,1.0
3723,256.0,214.0,0.0
3724,377.0,360.0,1.0
3725,368.0,319.0,0.0
3726,52.0,310.0,1.0
3727,384.0,24.0,1.0
3728,167.0,46.0,1.0
3729,201.0,241.0,0.0
3730,804.0,430.0,0.0
3731,245.0,95.0,1.0
3732,436.0,187.0,0.0
3733,847.0,445.0,0.0
3734,450.0,411.0,0.0
3735,71.0,9.0,1.0
3736,467.0,0.0,1.0
3737,388.0,260.0,0.0
3738,270.0,35.0,1.0
3739,438.0,324.0,0.0
3740,37.0,19.0,1.0
3741,837.0,260.0,0.0
3742,407.0,286.0,0.0
3743,76.0,52.0,0.0
3744,643.0,370.0,0.0
3745,2.0,70.0,1.0
3746,466.0,7.0,1.0
3747,853.0,14.0,1.0
3748,11.0,68.0,1.0
3749,150.0,21.0,1.0
3750,21.0,391.0,1.0
3751,676.0,194.0,0.0
3752,103.0,54.0,1.0
3753,393.0,139.0,0.0
3754,578.0,215.0,0.0
3755,5.0,25.0,1.0
3756,140.0,151.0,0.0
3757,292.0,324.0,0.0
3758,42.0,7.0,1.0
3759,57.0,239.0,0.0
3760,892.0,146.0,1.0
3761,346.0,408.0,1.0
3762,845.0,292.0,0.0
3763,177.0,97.0,1.0
3764,341.0,186.0,1.0
3765,720.0,264.0,0.0
3766,248.0,35.0,1.0
3767,330.0,177.0,1.0
3768,373.0,134.0,0.0
3769,346.0,378.0,0.0
3770,613.0,35.0,1.0
3771,545.0,350.0,0.0
3772,8.0,432.0,1.0
3773,696.0,149.0,0.0
3774,848.0,203.0,0.0
3775,3.0,69.0,1.0
3776,324.0,54.0,1.0
3777,615.0,155.0,0.0
3778,243.0,191.0,1.0
3779,559.0,156.0,0.0
3780,282.0,2.0,1.0
3781,336.0,201.0,0.0
3782,253.0,86.0,0.0
3783,112.0,391.0,0.0
3784,892.0,181.0,0.0
3785,424.0,243.0,0.0
3786,547.0,244.0,1.0
3787,25.0,3.0,1.0
3788,128.0,0.0,1.0
3789,320.0,2.0,1.0
3790,178.0,113.0,1.0
3791,665.0,174.0,1.0
3792,668.0,103.0,1.0
3793,449.0,4.0,1.0
3794,209.0,355.0,0.0
3795,1.0,42.0,1.0
3796,856.0,126.0,0.0
3797,45.0,66.0,0.0
3798,3.0,23.0,1.0
3799,185.0,204.0,1.0
3800,309.0,227.0,0.0
3801,190.0,1.0,1.0
3802,7.0,33.0,1.0
3803,3.0,185.0,1.0
3804,1.0,176.0,1.0
3805,780.0,412.0,0.0
3806,23.0,16.0,1.0
3807,890.0,278.0,1.0
3808,2.0,11.0,1.0
3809,175.0,347.0,0.0
3810,506.0,327.0,0.0
3811,652.0,47.0,1.0
3812,21.0,346.0,1.0
3813,175.0,379.0,0.0
3814,821.0,259.0,1.0
3815,866.0,75.0,0.0
3816,344.0,129.0,0.0
3817,728.0,351.0,0.0
3818,210.0,295.0,0.0
3819,219.0,0.0,1.0
3820,769.0,95.0,0.0
3821,142.0,310.0,1.0
3822,288.0,271.0,0.0
3823,67.0,4.0,1.0
3824,9.0,276.0,1.0
3825,78.0,17.0,1.0
3826,3.0,4.0,1.0
3827,336.0,3.0,1.0
3828,794.0,92.0,0.0
3829,866.0,192.0,1.0
3830,310.0,368.0,0.0
3831,681.0,242.0,0.0
3832,348.0,4.0,1.0
3833,666.0,384.0,0.0
3834,107.0,173.0,0.0
3835,762.0,214.0,0.0
3836,282.0,3.0,1.0
3837,321.0,306.0,0.0
3838,268.0,275.0,0.0
3839,74.0,313.0,0.0
3840,651.0,28.0,0.0
3841,11.0,39.0,1.0
3842,889.0,362.0,0.0
3843,0.0,33.0,1.0
3844,785.0,307.0,0.0
3845,888.0,74.0,1.0
3846,860.0,391.0,0.0
3847,754.0,428.0,0.0
3848,460.0,16.0,1.0
3849,658.0,2.0,0.0
3850,142.0,20.0,1.0
3851,136.0,20.0,1.0
3852,297.0,29.0,1.0
3853,360.0,7.0,1.0
3854,7.0,91.0,1.0
3855,87.0,60.0,0.0
3856,228.0,427.0,0.0
3857,18.0,5.0,1.0
3858,421.0,288.0,0.0
3859,476.0,4.0,1.0
3860,255.0,231.0,1.0
3861,840.0,7.0,1.0
3862,351.0,17.0,1.0
3863,679.0,215.0,0.0
3864,1.0,156.0,1.0
3865,389.0,259.0,0.0
3866,527.0,41.0,1.0
3867,683.0,350.0,0.0
3868,0.0,3.0,1.0
3869,728.0,439.0,0.0
3870,46.0,164.0,1.0
3871,243.0,402.0,0.0
3872,548.0,47.0,1.0
3873,15.0,220.0,0.0
3874,29.0,41.0,1.0
3875,37.0,4.0,0.0
3876,651.0,205.0,0.0
3877,224.0,175.0,0.0
3878,211.0,8.0,1.0
3879,132.0,229.0,0.0
3880,886.0,143.0,0.0
3881,285.0,9.0,1.0
3882,52.0,69.0,0.0
3883,352.0,15.0,0.0
3884,377.0,121.0,1.0
3885,699.0,130.0,0.0
3886,158.0,0.0,1.0
3887,526.0,151.0,1.0
3888,630.0,419.0,0.0
3889,524.0,419.0,1.0
3890,715.0,100.0,1.0
3891,324.0,195.0,1.0
3892,229.0,409.0,0.0
3893,427.0,38.0,1.0
3894,50.0,317.0,0.0
3895,859.0,40.0,0.0
3896,516.0,45.0,1.0
3897,416.0,186.0,0.0
3898,234.0,29.0,1.0
3899,22.0,270.0,0.0
3900,159.0,122.0,1.0
3901,829.0,428.0,0.0
3902,865.0,400.0,0.0
3903,837.0,352.0,0.0
3904,458.0,367.0,0.0
3905,711.0,155.0,0.0
3906,177.0,124.0,0.0
3907,334.0,41.0,1.0
3908,124.0,29.0,1.0
3909,40.0,167.0,0.0
3910,589.0,232.0,0.0
3911,60.0,397.0,0.0
3912,31.0,205.0,1.0
3913,4.0,154.0,1.0
3914,75.0,209.0,1.0
3915,558.0,274.0,0.0
3916,555.0,42.0,0.0
3917,549.0,14.0,1.0
3918,280.0,220.0,0.0
3919,314.0,101.0,0.0
3920,22.0,4.0,1.0
3921,847.0,58.0,0.0
3922,5.0,56.0,1.0
3923,49.0,205.0,0.0
3924,490.0,143.0,0.0
3925,2.0,144.0,1.0
3926,491.0,435.0,0.0
3927,313.0,274.0,0.0
3928,333.0,237.0,0.0
3929,62.0,453.0,0.0
3930,323.0,61.0,0.0
3931,50.0,11.0,1.0
3932,138.0,35.0,1.0
3933,771.0,252.0,1.0
3934,439.0,445.0,0.0
3935,343.0,123.0,0.0
3936,177.0,73.0,0.0
3937,434.0,231.0,1.0
3938,187.0,81.0,0.0
3939,337.0,184.0,0.0
3940,68.0,121.0,1.0
3941,133.0,130.0,1.0
3942,627.0,7.0,1.0
3943,0.0,159.0,1.0
3944,19.0,16.0,1.0
3945,441.0,26.0,1.0
3946,383.0,55.0,1.0
3947,56.0,352.0,1.0
3948,837.0,119.0,0.0
3949,33.0,56.0,0.0
3950,38.0,378.0,0.0
3951,472.0,199.0,1.0
3952,537.0,105.0,1.0
3953,774.0,76.0,0.0
3954,172.0,69.0,1.0
3955,212.0,51.0,0.0
3956,564.0,364.0,0.0
3957,148.0,130.0,0.0
3958,89.0,0.0,1.0
3959,148.0,373.0,0.0
3960,325.0,186.0,0.0
3961,685.0,254.0,0.0
3962,3.0,77.0,1.0
3963,1.0,110.0,1.0
3964,69.0,301.0,0.0
3965,0.0,43.0,1.0
3966,270.0,123.0,0.0
3967,124.0,372.0,0.0
3968,45.0,20.0,1.0
3969,336.0,77.0,0.0
3970,489.0,50.0,0.0
3971,42.0,421.0,0.0
3972,24.0,68.0,0.0
3973,125.0,2.0,1.0
3974,657.0,194.0,0.0
3975,515.0,408.0,0.0
3976,282.0,359.0,0.0
3977,486.0,4.0,1.0
3978,55.0,34.0,1.0
3979,319.0,93.0,0.0
3980,629.0,4.0,1.0
3981,6.0,91.0,1.0
3982,367.0,0.0,1.0
3983,846.0,304.0,0.0
3984,419.0,251.0,0.0
3985,255.0,210.0,0.0
3986,16.0,53.0,0.0
3987,101.0,227.0,0.0
3988,429.0,222.0,0.0
3989,590.0,360.0,0.0
3990,93.0,169.0,1.0
3991,101.0,249.0,0.0
3992,228.0,29.0,1.0
3993,208.0,415.0,1.0
3994,782.0,247.0,0.0
3995,559.0,343.0,0.0
3996,262.0,279.0,0.0
3997,63.0,2.0,1.0
3998,0.0,13.0,1.0
3999,417.0,124.0,1.0
4000,154.0,289.0,1.0
4001,323.0,174.0,0.0
4002,396.0,26.0,1.0
4003,874.0,375.0,0.0
4004,485.0,36.0,1.0
4005,726.0,35.0,1.0
4006,648.0,117.0,1.0
4007,209.0,388.0,0.0
4008,1.0,423.0,0.0
4009,34.0,115.0,1.0
4010,161.0,35.0,1.0
4011,678.0,438.0,0.0
4012,57.0,4.0,1.0
4013,512.0,425.0,1.0
4014,21.0,225.0,1.0
4015,168.0,165.0,1.0
4016,299.0,370.0,0.0
4017,24.0,71.0,1.0
4018,137.0,404.0,0.0
4019,862.0,123.0,0.0
4020,719.0,237.0,1.0
4021,223.0,105.0,0.0
4022,100.0,69.0,1.0
4023,346.0,52.0,0.0
4024,257.0,40.0,1.0
4025,454.0,343.0,0.0
4026,230.0,119.0,0.0
4027,314.0,108.0,0.0
4028,1.0,119.0,1.0
4029,331.0,293.0,1.0
4030,97.0,355.0,0.0
4031,508.0,72.0,0.0
4032,4.0,51.0,1.0
4033,34.0,10.0,1.0
4034,481.0,309.0,0.0
4035,5.0,6.0,1.0
4036,46.0,15.0,1.0
4037,5.0,119.0,1.0
4038,99.0,65.0,1.0
4039,537.0,183.0,0.0
4040,465.0,55.0,0.0
4041,8.0,364.0,1.0
4042,454.0,4.0,1.0
4043,694.0,146.0,1.0
4044,845.0,298.0,1.0
4045,682.0,155.0,0.0
4046,45.0,22.0,1.0
4047,62.0,191.0,0.0
4048,770.0,425.0,0.0
4049,436.0,427.0,1.0
4050,124.0,28.0,1.0
4051,601.0,46.0,0.0
4052,556.0,335.0,0.0
4053,708.0,355.0,0.0
4054,305.0,432.0,0.0
4055,66.0,84.0,1.0
4056,4.0,91.0,1.0
4057,272.0,183.0,0.0
4058,2.0,4.0,1.0
4059,838.0,1.0,1.0
4060,384.0,260.0,0.0
4061,522.0,337.0,0.0
4062,40.0,280.0,0.0
4063,734.0,67.0,0.0
4064,341.0,87.0,0.0
4065,406.0,78.0,1.0
4066,425.0,99.0,1.0
4067,475.0,149.0,0.0
4068,106.0,76.0,0.0
4069,331.0,76.0,1.0
4070,518.0,344.0,0.0
4071,10.0,108.0,1.0
4072,835.0,301.0,0.0
4073,107.0,80.0,1.0
4074,283.0,289.0,0.0
4075,574.0,269.0,0.0
4076,21.0,316.0,1.0
4077,363.0,1.0,1.0
4078,576.0,180.0,0.0
4079,184.0,225.0,1.0
4080,126.0,20.0,0.0
4081,12.0,206.0,1.0
4082,332.0,376.0,0.0
4083,132.0,0.0,1.0
4084,92.0,13.0,0.0
4085,59.0,32.0,1.0
4086,791.0,58.0,0.0
4087,378.0,116.0,0.0
4088,183.0,29.0,1.0
4089,636.0,172.0,0.0
4090,232.0,1.0,1.0
4091,828.0,48.0,0.0
4092,501.0,205.0,0.0
4093,204.0,78.0,1.0
4094,240.0,21.0,1.0
4095,299.0,175.0,0.0
4096,491.0,15.0,1.0
4097,425.0,57.0,0.0
4098,241.0,11.0,1.0
4099,31.0,122.0,1.0
4100,40.0,391.0,0.0
4101,104.0,81.0,1.0
4102,416.0,106.0,1.0
4103,775.0,358.0,0.0
4104,656.0,402.0,0.0
4105,825.0,167.0,0.0
4106,43.0,420.0,0.0
4107,12.0,17.0,1.0
4108,1.0,185.0,1.0
4109,832.0,404.0,1.0
4110,260.0,214.0,0.0
4111,156.0,416.0,0.0
4112,571.0,307.0,0.0
4113,87.0,167.0,1.0
4114,184.0,331.0,0.0
4115,6.0,96.0,1.0
4116,260.0,332.0,0.0
4117,17.0,39.0,1.0
4118,62.0,53.0,1.0
4119,868.0,177.0,0.0
4120,290.0,20.0,0.0
4121,878.0,289.0,1.0
4122,582.0,365.0,0.0
4123,382.0,0.0,1.0
4124,574.0,181.0,0.0
4125,669.0,130.0,0.0
4126,68.0,0.0,1.0
4127,759.0,272.0,0.0
4128,502.0,10.0,0.0
4129,263.0,21.0,1.0
4130,4.0,32.0,1.0
4131,35.0,132.0,1.0
4132,745.0,421.0,0.0
4133,887.0,113.0,0.0
4134,835.0,40.0,0.0
4135,861.0,303.0,0.0
4136,733.0,82.0,0.0
4137,7.0,46.0,1.0
4138,581.0,93.0,1.0
4139,173.0,22.0,0.0
4140,58.0,369.0,0.0
4141,1.0,89.0,1.0
4142,205.0,309.0,0.0
4143,749.0,244.0,0.0
4144,2.0,96.0,1.0
4145,855.0,197.0,0.0
4146,875.0,210.0,0.0
4147,347.0,295.0,0.0
4148,640.0,366.0,0.0
4149,4.0,56.0,1.0
4150,462.0,12.0,1.0
4151,12.0,220.0,1.0
4152,739.0,45.0,0.0
4153,628.0,124.0,0.0
4154,824.0,19.0,1.0
4155,22.0,108.0,1.0
4156,1.0,109.0,1.0
4157,31.0,99.0,1.0
4158,62.0,5.0,1.0
4159,637.0,263.0,1.0
4160,1.0,189.0,1.0
4161,12.0,168.0,1.0
4162,822.0,179.0,0.0
4163,456.0,2.0,1.0
4164,686.0,453.0,0.0
4165,41.0,235.0,1.0
4166,786.0,269.0,0.0
4167,600.0,101.0,0.0
4168,688.0,13.0,1.0
4169,498.0,15.0,1.0
4170,545.0,9.0,1.0
4171,19.0,384.0,0.0
4172,866.0,141.0,0.0
4173,11.0,383.0,1.0
4174,446.0,101.0,1.0
4175,455.0,65.0,0.0
4176,12.0,323.0,0.0
4177,2.0,176.0,1.0
4178,863.0,74.0,1.0
4179,575.0,133.0,0.0
4180,230.0,2.0,1.0
4181,394.0,162.0,0.0
4182,809.0,11.0,1.0
4183,435.0,187.0,0.0
4184,728.0,268.0,0.0
4185,221.0,428.0,0.0
4186,294.0,28.0,1.0
4187,390.0,341.0,0.0
4188,304.0,104.0,1.0
4189,421.0,6.0,1.0
4190,209.0,18.0,1.0
4191,554.0,290.0,0.0
4192,557.0,215.0,0.0
4193,794.0,334.0,0.0
4194,644.0,311.0,0.0
4195,119.0,337.0,0.0
4196,480.0,138.0,0.0
4197,7.0,56.0,1.0
4198,56.0,98.0,1.0
4199,422.0,73.0,0.0
4200,488.0,219.0,1.0
4201,145.0,388.0,1.0
4202,158.0,131.0,1.0
4203,155.0,354.0,0.0
4204,74.0,12.0,1.0
4205,91.0,145.0,1.0
4206,861.0,268.0,0.0
4207,614.0,87.0,0.0
4208,288.0,147.0,0.0
4209,280.0,237.0,0.0
4210,779.0,217.0,0.0
4211,28.0,107.0,1.0
4212,328.0,6.0,1.0
4213,640.0,221.0,0.0
4214,22.0,19.0,1.0
4215,650.0,177.0,0.0
4216,19.0,23.0,1.0
4217,570.0,307.0,0.0
4218,509.0,323.0,0.0
4219,27.0,238.0,1.0
4220,57.0,85.0,1.0
4221,640.0,42.0,1.0
4222,246.0,0.0,1.0
4223,662.0,127.0,0.0
4224,9.0,108.0,1.0
4225,208.0,300.0,1.0
4226,520.0,268.0,0.0
4227,101.0,31.0,1.0
4228,111.0,153.0,1.0
4229,291.0,250.0,0.0
4230,288.0,1.0,1.0
4231,23.0,39.0,1.0
4232,274.0,269.0,0.0
4233,726.0,31.0,0.0
4234,319.0,79.0,0.0
4235,26.0,244.0,0.0
4236,9.0,145.0,1.0
4237,123.0,278.0,0.0
4238,351.0,343.0,0.0
4239,182.0,55.0,0.0
4240,775.0,182.0,0.0
4241,577.0,220.0,0.0
4242,136.0,60.0,0.0
4243,380.0,312.0,0.0
4244,46.0,122.0,1.0
4245,2.0,63.0,1.0
4246,184.0,17.0,0.0
4247,591.0,448.0,0.0
4248,490.0,271.0,0.0
4249,30.0,12.0,1.0
4250,244.0,319.0,0.0
4251,586.0,17.0,1.0
4252,317.0,17.0,1.0
4253,223.0,84.0,1.0
4254,9.0,120.0,1.0
4255,35.0,121.0,1.0
4256,350.0,5.0,1.0
4257,726.0,406.0,0.0
4258,596.0,331.0,0.0
4259,112.0,45.0,1.0
4260,409.0,2.0,1.0
4261,11.0,139.0,1.0
4262,626.0,144.0,0.0
4263,218.0,147.0,1.0
4264,152.0,111.0,0.0
4265,10.0,314.0,1.0
4266,234.0,372.0,0.0
4267,1.0,144.0,1.0
4268,8.0,451.0,1.0
4269,36.0,269.0,0.0
4270,220.0,200.0,1.0
4271,176.0,52.0,1.0
4272,834.0,116.0,1.0
4273,657.0,137.0,0.0
4274,37.0,358.0,1.0
4275,296.0,194.0,0.0
4276,870.0,158.0,0.0
4277,435.0,421.0,0.0
4278,224.0,98.0,0.0
4279,324.0,333.0,0.0
4280,880.0,226.0,0.0
4281,791.0,268.0,0.0
4282,725.0,5.0,1.0
4283,778.0,160.0,0.0
4284,627.0,71.0,0.0
4285,530.0,161.0,0.0
4286,81.0,20.0,1.0
4287,793.0,15.0,1.0
4288,790.0,183.0,1.0
4289,66.0,339.0,0.0
4290,189.0,246.0,0.0
4291,821.0,180.0,0.0
4292,42.0,35.0,1.0
4293,819.0,362.0,0.0
4294,142.0,22.0,1.0
4295,263.0,390.0,0.0
4296,340.0,50.0,1.0
4297,507.0,327.0,0.0
4298,284.0,110.0,0.0
4299,487.0,42.0,0.0
4300,3.0,178.0,0.0
4301,72.0,253.0,0.0
4302,67.0,46.0,0.0
4303,33.0,5.0,1.0
4304,659.0,431.0,0.0
4305,290.0,311.0,0.0
4306,27.0,40.0,1.0
4307,54.0,182.0,1.0
4308,502.0,365.0,1.0
4309,194.0,169.0,1.0
4310,2.0,2.0,1.0
4311,180.0,0.0,1.0
4312,332.0,29.0,0.0
4313,782.0,27.0,1.0
4314,118.0,417.0,1.0
4315,554.0,82.0,0.0
4316,374.0,35.0,1.0
4317,877.0,383.0,0.0
4318,668.0,302.0,0.0
4319,666.0,79.0,1.0
4320,77.0,212.0,1.0
4321,221.0,437.0,0.0
4322,361.0,215.0,0.0
4323,794.0,165.0,0.0
4324,409.0,6.0,1.0
4325,266.0,0.0,1.0
4326,545.0,97.0,0.0
4327,157.0,126.0,1.0
4328,137.0,83.0,0.0
4329,54.0,27.0,1.0
4330,254.0,398.0,0.0
4331,72.0,436.0,1.0
4332,64.0,215.0,1.0
4333,561.0,347.0,0.0
4334,546.0,170.0,0.0
4335,796.0,17.0,1.0
4336,17.0,19.0,1.0
4337,439.0,105.0,0.0
4338,720.0,426.0,0.0
4339,700.0,44.0,0.0
4340,0.0,110.0,1.0
4341,521.0,13.0,1.0
4342,541.0,262.0,1.0
4343,5.0,123.0,0.0
4344,420.0,433.0,0.0
4345,42.0,438.0,1.0
4346,227.0,255.0,0.0
4347,38.0,3.0,1.0
4348,750.0,135.0,0.0
4349,45.0,399.0,1.0
4350,486.0,203.0,0.0
4351,171.0,24.0,1.0
4352,805.0,436.0,0.0
4353,484.0,26.0,1.0
4354,476.0,117.0,1.0
4355,472.0,76.0,1.0
4356,875.0,38.0,0.0
4357,675.0,7.0,1.0
4358,6.0,285.0,1.0
4359,41.0,162.0,1.0
4360,1.0,69.0,1.0
4361,683.0,251.0,1.0
4362,243.0,14.0,1.0
4363,323.0,452.0,0.0
4364,682.0,446.0,0.0
4365,887.0,214.0,0.0
4366,536.0,258.0,1.0
4367,669.0,34.0,1.0
4368,7.0,154.0,1.0
4369,596.0,7.0,1.0
4370,21.0,138.0,1.0
4371,569.0,443.0,0.0
4372,427.0,166.0,1.0
4373,726.0,156.0,0.0
4374,708.0,152.0,1.0
4375,207.0,381.0,1.0
4376,272.0,322.0,0.0
4377,799.0,196.0,0.0
4378,44.0,357.0,1.0
4379,453.0,46.0,0.0
4380,887.0,193.0,0.0
4381,836.0,207.0,0.0
4382,3.0,33.0,1.0
4383,476.0,109.0,0.0
4384,31.0,126.0,1.0
4385,843.0,36.0,1.0
4386,8.0,255.0,1.0
4387,30.0,370.0,0.0
4388,87.0,132.0,1.0
4389,456.0,3.0,1.0
4390,18.0,348.0,0.0
4391,70.0,0.0,1.0
4392,337.0,355.0,0.0
4393,851.0,114.0,0.0
4394,861.0,27.0,0.0
4395,3.0,197.0,1.0
4396,734.0,93.0,1.0
4397,281.0,2.0,1.0
4398,631.0,442.0,0.0
4399,418.0,411.0,0.0
4400,578.0,392.0,0.0
4401,769.0,8.0,1.0
4402,830.0,21.0,0.0
4403,107.0,98.0,1.0
4404,4.0,133.0,1.0
4405,1.0,11.0,1.0
4406,410.0,76.0,1.0
4407,173.0,182.0,1.0
4408,444.0,145.0,0.0
4409,102.0,20.0,1.0
4410,0.0,68.0,1.0
4411,89.0,272.0,1.0
4412,140.0,446.0,0.0
4413,595.0,405.0,0.0
4414,260.0,141.0,1.0
4415,620.0,35.0,0.0
4416,262.0,66.0,1.0
4417,540.0,138.0,0.0
4418,612.0,113.0,0.0
4419,240.0,137.0,0.0
4420,569.0,14.0,1.0
4421,0.0,142.0,1.0
4422,418.0,63.0,0.0
4423,745.0,83.0,1.0
4424,546.0,155.0,1.0
4425,269.0,87.0,0.0
4426,133.0,137.0,1.0
4427,805.0,399.0,0.0
4428,302.0,429.0,0.0
4429,62.0,25.0,1.0
4430,225.0,9.0,1.0
4431,1.0,48.0,1.0
4432,631.0,97.0,0.0
4433,641.0,93.0,1.0
4434,148.0,26.0,1.0
4435,844.0,161.0,0.0
4436,6.0,23.0,1.0
4437,819.0,305.0,0.0
4438,28.0,132.0,1.0
4439,169.0,12.0,1.0
4440,453.0,306.0,0.0
4441,216.0,6.0,1.0
4442,519.0,94.0,1.0
4443,73.0,2.0,1.0
4444,381.0,3.0,1.0
4445,129.0,65.0,1.0
4446,404.0,55.0,1.0
4447,3.0,142.0,1.0
4448,98.0,261.0,1.0
4449,82.0,437.0,1.0
4450,189.0,191.0,0.0
4451,177.0,136.0,1.0
4452,1.0,32.0,1.0
4453,277.0,77.0,0.0
4454,687.0,224.0,0.0
4455,700.0,30.0,1.0
4456,382.0,165.0,0.0
4457,0.0,25.0,1.0
4458,433.0,0.0,1.0
4459,47.0,17.0,1.0
4460,211.0,22.0,1.0
4461,459.0,6.0,1.0
4462,319.0,30.0,1.0
4463,251.0,41.0,1.0
4464,59.0,22.0,1.0
4465,836.0,117.0,0.0
4466,368.0,37.0,1.0
4467,1.0,64.0,1.0
4468,448.0,1.0,1.0
4469,161.0,52.0,1.0
4470,43.0,159.0,1.0
4471,717.0,291.0,0.0
4472,19.0,104.0,0.0
4473,661.0,39.0,0.0
4474,816.0,30.0,1.0
4475,438.0,5.0,1.0
4476,683.0,86.0,0.0
4477,531.0,81.0,0.0
4478,506.0,409.0,1.0
4479,307.0,22.0,0.0
4480,741.0,269.0,0.0
4481,807.0,4.0,1.0
4482,235.0,113.0,0.0
4483,40.0,15.0,1.0
4484,503.0,416.0,0.0
4485,487.0,8.0,1.0
4486,4.0,59.0,1.0
4487,244.0,306.0,0.0
4488,683.0,81.0,0.0
4489,506.0,361.0,0.0
4490,251.0,37.0,1.0
4491,598.0,393.0,0.0
4492,175.0,190.0,0.0
4493,686.0,216.0,0.0
4494,390.0,15.0,0.0
4495,68.0,1.0,1.0
4496,377.0,371.0,0.0
4497,105.0,277.0,1.0
4498,835.0,74.0,1.0
4499,295.0,403.0,0.0
4500,842.0,252.0,0.0
4501,315.0,375.0,0.0
4502,868.0,315.0,0.0
4503,52.0,20.0,1.0
4504,1.0,24.0,1.0
4505,152.0,290.0,0.0
4506,681.0,229.0,0.0
4507,285.0,176.0,0.0
4508,183.0,21.0,1.0
4509,540.0,287.0,0.0
4510,728.0,79.0,1.0
4511,531.0,250.0,1.0
4512,0.0,134.0,1.0
4513,374.0,409.0,0.0
4514,330.0,50.0,0.0
4515,753.0,372.0,0.0
4516,2.0,110.0,1.0
4517,635.0,131.0,1.0
4518,604.0,50.0,1.0
4519,629.0,263.0,0.0
4520,43.0,308.0,1.0
4521,840.0,333.0,0.0
4522,368.0,41.0,1.0
4523,751.0,120.0,0.0
4524,749.0,180.0,1.0
4525,68.0,59.0,0.0
4526,33.0,127.0,1.0
4527,653.0,7.0,1.0
4528,876.0,192.0,0.0
4529,5.0,77.0,1.0
4530,333.0,75.0,0.0
4531,1.0,13.0,1.0
4532,489.0,26.0,1.0
4533,703.0,11.0,0.0
4534,67.0,441.0,1.0
4535,288.0,115.0,0.0
4536,198.0,262.0,0.0
4537,222.0,31.0,1.0
4538,823.0,343.0,0.0
4539,706.0,313.0,0.0
4540,246.0,119.0,0.0
4541,757.0,113.0,0.0
4542,14.0,175.0,1.0
4543,147.0,204.0,0.0
4544,499.0,0.0,1.0
4545,269.0,8.0,1.0
4546,500.0,173.0,0.0
4547,508.0,429.0,0.0
4548,88.0,15.0,1.0
4549,182.0,109.0,1.0
4550,8.0,390.0,0.0
4551,806.0,327.0,1.0
4552,484.0,201.0,0.0
4553,860.0,22.0,0.0
4554,169.0,211.0,0.0
4555,172.0,86.0,0.0
4556,103.0,152.0,0.0
4557,751.0,189.0,0.0
4558,159.0,126.0,1.0
4559,23.0,23.0,1.0
4560,784.0,101.0,1.0
4561,0.0,96.0,1.0
4562,411.0,147.0,0.0
4563,574.0,395.0,0.0
4564,379.0,323.0,0.0
4565,192.0,137.0,1.0
4566,9.0,186.0,1.0
4567,790.0,201.0,0.0
4568,385.0,211.0,0.0
4569,5.0,32.0,1.0
4570,666.0,315.0,0.0
4571,318.0,52.0,1.0
4572,20.0,145.0,1.0
4573,257.0,433.0,0.0
4574,802.0,210.0,0.0
4575,161.0,7.0,1.0
4576,815.0,249.0,0.0
4577,439.0,15.0,1.0
4578,389.0,290.0,0.0
4579,66.0,352.0,0.0
4580,393.0,273.0,0.0
4581,174.0,12.0,1.0
4582,666.0,389.0,0.0
4583,195.0,109.0,0.0
4584,179.0,334.0,1.0
4585,4.0,101.0,1.0
4586,5.0,109.0,1.0
4587,324.0,14.0,0.0
4588,763.0,108.0,0.0
4589,585.0,41.0,1.0
4590,407.0,36.0,0.0
4591,370.0,156.0,0.0
4592,760.0,19.0,0.0
4593,365.0,449.0,0.0
4594,726.0,348.0,0.0
4595,77.0,282.0,0.0
4596,757.0,176.0,0.0
4597,21.0,228.0,1.0
4598,201.0,310.0,0.0
4599,697.0,152.0,0.0
4600,42.0,169.0,1.0
4601,10.0,378.0,0.0
4602,7.0,111.0,1.0
4603,31.0,14.0,0.0
4604,0.0,120.0,1.0
4605,580.0,102.0,0.0
4606,117.0,188.0,1.0
4607,542.0,368.0,0.0
4608,740.0,172.0,0.0
4609,828.0,24.0,0.0
4610,0.0,83.0,1.0
4611,1.0,56.0,1.0
4612,53.0,65.0,1.0
4613,452.0,25.0,0.0
4614,46.0,60.0,1.0
4615,493.0,67.0,1.0
4616,143.0,98.0,1.0
4617,878.0,53.0,0.0
4618,567.0,40.0,0.0
4619,150.0,28.0,1.0
4620,481.0,235.0,0.0
4621,200.0,14.0,0.0
4622,35.0,45.0,1.0
4623,78.0,13.0,1.0
4624,79.0,296.0,1.0
4625,326.0,228.0,0.0
4626,387.0,430.0,0.0
4627,23.0,10.0,1.0
4628,848.0,130.0,0.0
4629,620.0,233.0,0.0
4630,310.0,120.0,0.0
4631,748.0,44.0,0.0
4632,25.0,153.0,0.0
4633,736.0,306.0,0.0
4634,332.0,102.0,0.0
4635,19.0,115.0,1.0
4636,203.0,39.0,1.0
4637,51.0,107.0,1.0
4638,20.0,4.0,1.0
4639,2.0,43.0,1.0
4640,259.0,185.0,0.0
4641,149.0,3.0,1.0
4642,60.0,4.0,1.0
4643,106.0,1.0,1.0
4644,58.0,0.0,1.0
4645,439.0,219.0,0.0
4646,427.0,143.0,0.0
4647,426.0,328.0,1.0
4648,450.0,108.0,0.0
4649,66.0,222.0,0.0
4650,230.0,156.0,0.0
4651,364.0,375.0,0.0
4652,227.0,210.0,1.0
4653,271.0,170.0,0.0
4654,23.0,13.0,1.0
4655,0.0,46.0,1.0
4656,381.0,148.0,0.0
4657,345.0,4.0,1.0
4658,5.0,64.0,1.0
4659,513.0,111.0,0.0
4660,462.0,131.0,0.0
4661,725.0,279.0,0.0
4662,446.0,333.0,0.0
4663,326.0,36.0,0.0
4664,312.0,2.0,1.0
4665,32.0,193.0,0.0
4666,514.0,118.0,1.0
4667,804.0,238.0,0.0
4668,878.0,277.0,0.0
4669,420.0,204.0,1.0
4670,743.0,199.0,0.0
4671,5.0,10.0,1.0
4672,36.0,433.0,0.0
4673,1.0,10.0,1.0
4674,101.0,207.0,1.0
4675,677.0,42.0,0.0
4676,879.0,203.0,1.0
4677,236.0,416.0,0.0
4678,387.0,35.0,0.0
4679,215.0,34.0,1.0
4680,235.0,18.0,1.0
4681,117.0,418.0,0.0
4682,862.0,180.0,0.0
4683,547.0,447.0,0.0
4684,4.0,48.0,1.0
4685,9.0,10.0,1.0
4686,97.0,137.0,1.0
4687,449.0,219.0,1.0
4688,231.0,57.0,1.0
4689,79.0,393.0,1.0
4690,26.0,27.0,1.0
4691,13.0,198.0,1.0
4692,8.0,371.0,1.0
4693,51.0,361.0,0.0
4694,79.0,21.0,1.0
4695,159.0,40.0,1.0
4696,578.0,137.0,0.0
4697,518.0,37.0,0.0
4698,481.0,451.0,0.0
4699,153.0,420.0,0.0
4700,332.0,52.0,1.0
4701,0.0,64.0,1.0
4702,476.0,130.0,0.0
4703,522.0,379.0,0.0
4704,402.0,2.0,1.0
4705,175.0,362.0,0.0
4706,600.0,177.0,0.0
4707,709.0,358.0,0.0
4708,533.0,40.0,0.0
4709,70.0,105.0,1.0
4710,157.0,122.0,1.0
4711,156.0,420.0,0.0
4712,261.0,259.0,0.0
4713,20.0,128.0,1.0
4714,164.0,334.0,0.0
4715,774.0,24.0,0.0
4716,434.0,115.0,0.0
4717,254.0,3.0,1.0
4718,668.0,268.0,0.0
4719,538.0,17.0,1.0
4720,434.0,91.0,0.0
4721,3.0,13.0,1.0
4722,480.0,6.0,0.0
4723,358.0,245.0,0.0
4724,174.0,391.0,0.0
4725,309.0,402.0,0.0
4726,242.0,41.0,1.0
4727,633.0,127.0,0.0
4728,781.0,181.0,0.0
4729,486.0,384.0,0.0
4730,1.0,133.0,1.0
4731,835.0,264.0,0.0
4732,139.0,166.0,0.0
4733,286.0,169.0,1.0
4734,144.0,28.0,1.0
4735,231.0,34.0,1.0
4736,193.0,131.0,0.0
4737,165.0,200.0,0.0
4738,2.0,51.0,1.0
4739,772.0,301.0,0.0
4740,524.0,118.0,0.0
4741,617.0,14.0,1.0
4742,141.0,58.0,1.0
4743,354.0,40.0,0.0
4744,153.0,71.0,1.0
4745,558.0,203.0,0.0
4746,713.0,396.0,1.0
4747,75.0,208.0,1.0
4748,62.0,10.0,1.0
4749,179.0,411.0,1.0
4750,12.0,106.0,0.0
4751,89.0,18.0,1.0
4752,5.0,24.0,1.0
4753,61.0,417.0,0.0
4754,575.0,12.0,0.0
4755,124.0,100.0,0.0
4756,124.0,21.0,1.0
4757,86.0,195.0,1.0
4758,194.0,52.0,1.0
4759,329.0,0.0,1.0
4760,633.0,433.0,0.0
4761,507.0,1.0,1.0
4762,13.0,112.0,1.0
4763,70.0,1.0,1.0
4764,251.0,234.0,0.0
4765,691.0,236.0,0.0
4766,801.0,207.0,0.0
4767,152.0,321.0,1.0
4768,528.0,54.0,1.0
4769,15.0,12.0,1.0
4770,72.0,359.0,1.0
4771,109.0,127.0,0.0
4772,304.0,52.0,0.0
4773,579.0,207.0,0.0
4774,462.0,8.0,1.0
4775,117.0,137.0,0.0
4776,114.0,268.0,1.0
4777,662.0,306.0,1.0
4778,687.0,329.0,0.0
4779,6.0,16.0,1.0
4780,121.0,295.0,1.0
4781,8.0,345.0,1.0
4782,92.0,274.0,1.0
4783,763.0,70.0,0.0
4784,454.0,348.0,0.0
4785,280.0,408.0,0.0
4786,681.0,84.0,1.0
4787,15.0,59.0,1.0
4788,3.0,56.0,1.0
4789,7.0,70.0,1.0
4790,9.0,16.0,1.0
4791,4.0,43.0,1.0
4792,97.0,1.0,1.0
4793,6.0,12.0,1.0
4794,97.0,80.0,1.0
4795,407.0,264.0,0.0
4796,331.0,282.0,0.0
4797,499.0,270.0,0.0
4798,794.0,81.0,0.0
4799,176.0,37.0,1.0
4800,360.0,149.0,0.0
4801,765.0,451.0,0.0
4802,226.0,274.0,0.0
4803,198.0,330.0,1.0
4804,497.0,221.0,0.0
4805,509.0,2.0,1.0
4806,140.0,99.0,1.0
4807,361.0,342.0,0.0
4808,816.0,145.0,0.0
4809,122.0,19.0,1.0
4810,412.0,31.0,1.0
4811,518.0,280.0,0.0
4812,598.0,416.0,0.0
4813,579.0,286.0,1.0
4814,786.0,169.0,0.0
4815,831.0,102.0,0.0
4816,365.0,262.0,0.0
4817,809.0,44.0,0.0
4818,141.0,345.0,0.0
4819,726.0,176.0,0.0
4820,321.0,65.0,1.0
4821,295.0,20.0,0.0
4822,490.0,194.0,0.0
4823,188.0,9.0,1.0
4824,461.0,129.0,0.0
4825,151.0,373.0,1.0
4826,753.0,90.0,1.0
4827,74.0,311.0,0.0
4828,35.0,94.0,0.0
4829,132.0,1.0,1.0
4830,279.0,370.0,0.0
4831,209.0,416.0,0.0
4832,44.0,25.0,1.0
4833,240.0,132.0,0.0
4834,28.0,141.0,1.0
4835,430.0,398.0,0.0
4836,444.0,148.0,1.0
4837,490.0,3.0,1.0
4838,205.0,184.0,0.0
4839,884.0,240.0,1.0
4840,76.0,4.0,1.0
4841,541.0,5.0,0.0
4842,810.0,25.0,1.0
4843,37.0,17.0,1.0
4844,11.0,81.0,1.0
4845,7.0,325.0,0.0
4846,285.0,3.0,1.0
4847,74.0,111.0,0.0
4848,147.0,26.0,1.0
4849,18.0,4.0,1.0
4850,311.0,148.0,1.0
4851,0.0,112.0,1.0
4852,816.0,312.0,0.0
4853,62.0,49.0,0.0
4854,433.0,31.0,1.0
4855,445.0,312.0,0.0
4856,405.0,228.0,0.0
4857,270.0,7.0,1.0
4858,355.0,50.0,0.0
4859,5.0,114.0,1.0
4860,432.0,172.0,0.0
4861,55.0,57.0,1.0
4862,397.0,173.0,0.0
4863,262.0,290.0,0.0
4864,256.0,268.0,0.0
4865,267.0,1.0,1.0
4866,265.0,184.0,1.0
4867,877.0,29.0,0.0
